Product_Supermarket_Identifier,Product_Supermarket_Sales
DRA59_CHUKWUDI010,100
DRA59_CHUKWUDI013,100
DRB01_CHUKWUDI013,100
DRB13_CHUKWUDI010,100
DRB13_CHUKWUDI013,100
DRB25_CHUKWUDI017,100
DRB25_CHUKWUDI027,100
DRB25_CHUKWUDI035,100
DRB48_CHUKWUDI017,100
DRB48_CHUKWUDI027,100
DRB48_CHUKWUDI035,100
DRB48_CHUKWUDI046,100
DRB48_CHUKWUDI049,100
DRC01_CHUKWUDI017,100
DRC01_CHUKWUDI018,100
DRC01_CHUKWUDI027,100
DRC01_CHUKWUDI045,100
DRC01_CHUKWUDI046,100
DRC13_CHUKWUDI035,100
DRC13_CHUKWUDI045,100
DRC25_CHUKWUDI018,100
DRC25_CHUKWUDI019,100
DRC25_CHUKWUDI027,100
DRC25_CHUKWUDI045,100
DRC25_CHUKWUDI046,100
DRC27_CHUKWUDI010,100
DRC27_CHUKWUDI018,100
DRC27_CHUKWUDI049,100
DRC36_CHUKWUDI013,100
DRD01_CHUKWUDI017,100
DRD01_CHUKWUDI018,100
DRD01_CHUKWUDI035,100
DRD01_CHUKWUDI045,100
DRD01_CHUKWUDI049,100
DRD12_CHUKWUDI017,100
DRD12_CHUKWUDI018,100
DRD12_CHUKWUDI027,100
DRD12_CHUKWUDI035,100
DRD12_CHUKWUDI045,100
DRD12_CHUKWUDI046,100
DRD13_CHUKWUDI017,100
DRD13_CHUKWUDI018,100
DRD13_CHUKWUDI027,100
DRD13_CHUKWUDI035,100
DRD13_CHUKWUDI045,100
DRD13_CHUKWUDI049,100
DRD15_CHUKWUDI010,100
DRD15_CHUKWUDI013,100
DRD15_CHUKWUDI046,100
DRD15_CHUKWUDI049,100
DRD24_CHUKWUDI027,100
DRD25_CHUKWUDI027,100
DRD25_CHUKWUDI035,100
DRD25_CHUKWUDI045,100
DRD27_CHUKWUDI017,100
DRD27_CHUKWUDI019,100
DRD27_CHUKWUDI045,100
DRD37_CHUKWUDI017,100
DRD37_CHUKWUDI018,100
DRD37_CHUKWUDI045,100
DRD37_CHUKWUDI046,100
DRD37_CHUKWUDI049,100
DRD49_CHUKWUDI046,100
DRD60_CHUKWUDI013,100
DRE01_CHUKWUDI010,100
DRE01_CHUKWUDI046,100
DRE03_CHUKWUDI017,100
DRE03_CHUKWUDI018,100
DRE03_CHUKWUDI035,100
DRE03_CHUKWUDI045,100
DRE03_CHUKWUDI046,100
DRE03_CHUKWUDI049,100
DRE12_CHUKWUDI027,100
DRE12_CHUKWUDI035,100
DRE12_CHUKWUDI045,100
DRE13_CHUKWUDI027,100
DRE13_CHUKWUDI035,100
DRE13_CHUKWUDI045,100
DRE13_CHUKWUDI049,100
DRE15_CHUKWUDI017,100
DRE15_CHUKWUDI018,100
DRE15_CHUKWUDI019,100
DRE15_CHUKWUDI027,100
DRE15_CHUKWUDI045,100
DRE15_CHUKWUDI046,100
DRE25_CHUKWUDI017,100
DRE25_CHUKWUDI027,100
DRE25_CHUKWUDI035,100
DRE27_CHUKWUDI035,100
DRE27_CHUKWUDI045,100
DRE48_CHUKWUDI013,100
DRE48_CHUKWUDI046,100
DRE60_CHUKWUDI013,100
DRF03_CHUKWUDI018,100
DRF03_CHUKWUDI027,100
DRF03_CHUKWUDI035,100
DRF03_CHUKWUDI045,100
DRF03_CHUKWUDI046,100
DRF03_CHUKWUDI049,100
DRF25_CHUKWUDI019,100
DRF25_CHUKWUDI027,100
DRF25_CHUKWUDI035,100
DRF25_CHUKWUDI045,100
DRF25_CHUKWUDI046,100
DRF25_CHUKWUDI049,100
DRF36_CHUKWUDI010,100
DRF37_CHUKWUDI013,100
DRF37_CHUKWUDI018,100
DRF37_CHUKWUDI035,100
DRF37_CHUKWUDI045,100
DRF49_CHUKWUDI035,100
DRF49_CHUKWUDI045,100
DRF51_CHUKWUDI018,100
DRF51_CHUKWUDI045,100
DRF51_CHUKWUDI046,100
DRF60_CHUKWUDI018,100
DRF60_CHUKWUDI049,100
DRG01_CHUKWUDI019,100
DRG01_CHUKWUDI027,100
DRG01_CHUKWUDI035,100
DRG01_CHUKWUDI046,100
DRG11_CHUKWUDI045,100
DRG15_CHUKWUDI017,100
DRG15_CHUKWUDI035,100
DRG15_CHUKWUDI045,100
DRG15_CHUKWUDI046,100
DRG15_CHUKWUDI049,100
DRG25_CHUKWUDI013,100
DRG27_CHUKWUDI018,100
DRG27_CHUKWUDI019,100
DRG27_CHUKWUDI045,100
DRG27_CHUKWUDI046,100
DRG27_CHUKWUDI049,100
DRG36_CHUKWUDI013,100
DRG39_CHUKWUDI018,100
DRG39_CHUKWUDI046,100
DRG39_CHUKWUDI049,100
DRG49_CHUKWUDI010,100
DRG49_CHUKWUDI018,100
DRH03_CHUKWUDI018,100
DRH03_CHUKWUDI019,100
DRH03_CHUKWUDI035,100
DRH11_CHUKWUDI027,100
DRH11_CHUKWUDI045,100
DRH11_CHUKWUDI049,100
DRH13_CHUKWUDI019,100
DRH13_CHUKWUDI045,100
DRH15_CHUKWUDI018,100
DRH15_CHUKWUDI019,100
DRH15_CHUKWUDI046,100
DRH23_CHUKWUDI017,100
DRH23_CHUKWUDI019,100
DRH23_CHUKWUDI045,100
DRH23_CHUKWUDI049,100
DRH25_CHUKWUDI017,100
DRH25_CHUKWUDI027,100
DRH25_CHUKWUDI035,100
DRH25_CHUKWUDI045,100
DRH36_CHUKWUDI017,100
DRH36_CHUKWUDI019,100
DRH36_CHUKWUDI035,100
DRH36_CHUKWUDI045,100
DRH36_CHUKWUDI046,100
DRH39_CHUKWUDI017,100
DRH39_CHUKWUDI019,100
DRH39_CHUKWUDI027,100
DRH39_CHUKWUDI046,100
DRH39_CHUKWUDI049,100
DRH49_CHUKWUDI018,100
DRH49_CHUKWUDI019,100
DRH49_CHUKWUDI046,100
DRH51_CHUKWUDI019,100
DRH51_CHUKWUDI027,100
DRH51_CHUKWUDI035,100
DRH51_CHUKWUDI049,100
DRH59_CHUKWUDI046,100
DRH59_CHUKWUDI049,100
DRI01_CHUKWUDI013,100
DRI03_CHUKWUDI013,100
DRI11_CHUKWUDI027,100
DRI11_CHUKWUDI035,100
DRI11_CHUKWUDI045,100
DRI13_CHUKWUDI013,100
DRI13_CHUKWUDI018,100
DRI13_CHUKWUDI046,100
DRI25_CHUKWUDI017,100
DRI25_CHUKWUDI027,100
DRI25_CHUKWUDI045,100
DRI25_CHUKWUDI046,100
DRI25_CHUKWUDI049,100
DRI37_CHUKWUDI017,100
DRI37_CHUKWUDI018,100
DRI37_CHUKWUDI027,100
DRI37_CHUKWUDI046,100
DRI37_CHUKWUDI049,100
DRI39_CHUKWUDI017,100
DRI39_CHUKWUDI018,100
DRI39_CHUKWUDI027,100
DRI39_CHUKWUDI035,100
DRI49_CHUKWUDI018,100
DRI49_CHUKWUDI035,100
DRI49_CHUKWUDI045,100
DRI49_CHUKWUDI046,100
DRJ11_CHUKWUDI010,100
DRJ11_CHUKWUDI013,100
DRJ23_CHUKWUDI010,100
DRJ23_CHUKWUDI013,100
DRJ24_CHUKWUDI010,100
DRJ24_CHUKWUDI013,100
DRJ25_CHUKWUDI017,100
DRJ25_CHUKWUDI018,100
DRJ25_CHUKWUDI045,100
DRJ25_CHUKWUDI049,100
DRJ35_CHUKWUDI017,100
DRJ35_CHUKWUDI046,100
DRJ39_CHUKWUDI013,100
DRJ39_CHUKWUDI018,100
DRJ39_CHUKWUDI046,100
DRJ47_CHUKWUDI013,100
DRJ49_CHUKWUDI045,100
DRJ51_CHUKWUDI013,100
DRJ51_CHUKWUDI049,100
DRJ59_CHUKWUDI027,100
DRJ59_CHUKWUDI045,100
DRJ59_CHUKWUDI046,100
DRJ59_CHUKWUDI049,100
DRK01_CHUKWUDI017,100
DRK01_CHUKWUDI018,100
DRK01_CHUKWUDI035,100
DRK01_CHUKWUDI045,100
DRK12_CHUKWUDI017,100
DRK12_CHUKWUDI018,100
DRK12_CHUKWUDI027,100
DRK12_CHUKWUDI035,100
DRK12_CHUKWUDI045,100
DRK12_CHUKWUDI049,100
DRK13_CHUKWUDI013,100
DRK13_CHUKWUDI046,100
DRK23_CHUKWUDI013,100
DRK23_CHUKWUDI018,100
DRK23_CHUKWUDI049,100
DRK35_CHUKWUDI017,100
DRK35_CHUKWUDI019,100
DRK35_CHUKWUDI027,100
DRK35_CHUKWUDI035,100
DRK35_CHUKWUDI045,100
DRK35_CHUKWUDI046,100
DRK35_CHUKWUDI049,100
DRK37_CHUKWUDI010,100
DRK39_CHUKWUDI017,100
DRK39_CHUKWUDI027,100
DRK39_CHUKWUDI046,100
DRK39_CHUKWUDI049,100
DRK47_CHUKWUDI013,100
DRK47_CHUKWUDI018,100
DRK47_CHUKWUDI046,100
DRK47_CHUKWUDI049,100
DRK49_CHUKWUDI017,100
DRK49_CHUKWUDI019,100
DRK49_CHUKWUDI027,100
DRK49_CHUKWUDI035,100
DRK49_CHUKWUDI046,100
DRK49_CHUKWUDI049,100
DRK59_CHUKWUDI010,100
DRK59_CHUKWUDI018,100
DRL01_CHUKWUDI010,100
DRL01_CHUKWUDI013,100
DRL01_CHUKWUDI049,100
DRL23_CHUKWUDI035,100
DRL23_CHUKWUDI045,100
DRL35_CHUKWUDI017,100
DRL35_CHUKWUDI027,100
DRL35_CHUKWUDI035,100
DRL35_CHUKWUDI045,100
DRL35_CHUKWUDI049,100
DRL37_CHUKWUDI017,100
DRL37_CHUKWUDI018,100
DRL37_CHUKWUDI027,100
DRL37_CHUKWUDI035,100
DRL37_CHUKWUDI045,100
DRL37_CHUKWUDI049,100
DRL47_CHUKWUDI027,100
DRL47_CHUKWUDI045,100
DRL59_CHUKWUDI019,100
DRL59_CHUKWUDI035,100
DRM11_CHUKWUDI013,100
DRM11_CHUKWUDI018,100
DRM11_CHUKWUDI046,100
DRM23_CHUKWUDI013,100
DRM37_CHUKWUDI010,100
DRM37_CHUKWUDI013,100
DRM47_CHUKWUDI010,100
DRM48_CHUKWUDI027,100
DRM48_CHUKWUDI045,100
DRM48_CHUKWUDI046,100
DRM48_CHUKWUDI049,100
DRM49_CHUKWUDI017,100
DRM49_CHUKWUDI035,100
DRM49_CHUKWUDI045,100
DRM49_CHUKWUDI049,100
DRN35_CHUKWUDI018,100
DRN35_CHUKWUDI035,100
DRN35_CHUKWUDI046,100
DRN35_CHUKWUDI049,100
DRN36_CHUKWUDI019,100
DRN36_CHUKWUDI027,100
DRN36_CHUKWUDI035,100
DRN36_CHUKWUDI045,100
DRN37_CHUKWUDI013,100
DRN47_CHUKWUDI010,100
DRN47_CHUKWUDI013,100
DRN59_CHUKWUDI017,100
DRN59_CHUKWUDI027,100
DRN59_CHUKWUDI045,100
DRN59_CHUKWUDI049,100
DRO35_CHUKWUDI045,100
DRO47_CHUKWUDI035,100
DRO59_CHUKWUDI017,100
DRO59_CHUKWUDI019,100
DRO59_CHUKWUDI045,100
DRO59_CHUKWUDI049,100
DRP35_CHUKWUDI027,100
DRP35_CHUKWUDI045,100
DRP47_CHUKWUDI013,100
DRP47_CHUKWUDI046,100
DRP47_CHUKWUDI049,100
DRQ35_CHUKWUDI027,100
DRQ35_CHUKWUDI035,100
DRQ35_CHUKWUDI045,100
DRY23_CHUKWUDI017,100
DRY23_CHUKWUDI019,100
DRY23_CHUKWUDI027,100
DRY23_CHUKWUDI035,100
DRY23_CHUKWUDI046,100
DRY23_CHUKWUDI049,100
DRZ11_CHUKWUDI027,100
DRZ11_CHUKWUDI045,100
DRZ24_CHUKWUDI027,100
DRZ24_CHUKWUDI045,100
FDA01_CHUKWUDI017,100
FDA01_CHUKWUDI018,100
FDA01_CHUKWUDI027,100
FDA01_CHUKWUDI035,100
FDA01_CHUKWUDI045,100
FDA01_CHUKWUDI046,100
FDA04_CHUKWUDI013,100
FDA04_CHUKWUDI018,100
FDA04_CHUKWUDI035,100
FDA04_CHUKWUDI046,100
FDA04_CHUKWUDI049,100
FDA07_CHUKWUDI027,100
FDA07_CHUKWUDI035,100
FDA07_CHUKWUDI045,100
FDA10_CHUKWUDI027,100
FDA10_CHUKWUDI035,100
FDA11_CHUKWUDI017,100
FDA11_CHUKWUDI018,100
FDA11_CHUKWUDI027,100
FDA11_CHUKWUDI045,100
FDA13_CHUKWUDI017,100
FDA13_CHUKWUDI018,100
FDA13_CHUKWUDI019,100
FDA13_CHUKWUDI027,100
FDA13_CHUKWUDI035,100
FDA13_CHUKWUDI045,100
FDA13_CHUKWUDI049,100
FDA15_CHUKWUDI010,100
FDA15_CHUKWUDI013,100
FDA15_CHUKWUDI018,100
FDA15_CHUKWUDI049,100
FDA16_CHUKWUDI018,100
FDA16_CHUKWUDI046,100
FDA20_CHUKWUDI013,100
FDA21_CHUKWUDI013,100
FDA23_CHUKWUDI017,100
FDA23_CHUKWUDI027,100
FDA23_CHUKWUDI035,100
FDA25_CHUKWUDI017,100
FDA25_CHUKWUDI018,100
FDA25_CHUKWUDI035,100
FDA25_CHUKWUDI045,100
FDA26_CHUKWUDI013,100
FDA26_CHUKWUDI018,100
FDA27_CHUKWUDI018,100
FDA27_CHUKWUDI046,100
FDA27_CHUKWUDI049,100
FDA28_CHUKWUDI027,100
FDA32_CHUKWUDI010,100
FDA32_CHUKWUDI018,100
FDA32_CHUKWUDI046,100
FDA34_CHUKWUDI013,100
FDA35_CHUKWUDI027,100
FDA36_CHUKWUDI013,100
FDA37_CHUKWUDI035,100
FDA38_CHUKWUDI013,100
FDA38_CHUKWUDI018,100
FDA38_CHUKWUDI049,100
FDA39_CHUKWUDI017,100
FDA39_CHUKWUDI018,100
FDA39_CHUKWUDI027,100
FDA39_CHUKWUDI035,100
FDA39_CHUKWUDI046,100
FDA39_CHUKWUDI049,100
FDA40_CHUKWUDI017,100
FDA40_CHUKWUDI035,100
FDA40_CHUKWUDI046,100
FDA40_CHUKWUDI049,100
FDA43_CHUKWUDI010,100
FDA43_CHUKWUDI013,100
FDA44_CHUKWUDI017,100
FDA44_CHUKWUDI018,100
FDA44_CHUKWUDI027,100
FDA44_CHUKWUDI035,100
FDA44_CHUKWUDI045,100
FDA44_CHUKWUDI049,100
FDA45_CHUKWUDI013,100
FDA46_CHUKWUDI013,100
FDA48_CHUKWUDI046,100
FDA49_CHUKWUDI019,100
FDA49_CHUKWUDI027,100
FDA49_CHUKWUDI035,100
FDA49_CHUKWUDI046,100
FDA49_CHUKWUDI049,100
FDA50_CHUKWUDI017,100
FDA50_CHUKWUDI019,100
FDA50_CHUKWUDI027,100
FDA50_CHUKWUDI035,100
FDA51_CHUKWUDI027,100
FDA52_CHUKWUDI013,100
FDA55_CHUKWUDI013,100
FDA55_CHUKWUDI018,100
FDA56_CHUKWUDI027,100
FDA56_CHUKWUDI045,100
FDA57_CHUKWUDI027,100
FDA57_CHUKWUDI045,100
FDA58_CHUKWUDI013,100
FDA58_CHUKWUDI046,100
FDB02_CHUKWUDI013,100
FDB03_CHUKWUDI013,100
FDB03_CHUKWUDI018,100
FDB03_CHUKWUDI046,100
FDB03_CHUKWUDI049,100
FDB04_CHUKWUDI017,100
FDB04_CHUKWUDI019,100
FDB04_CHUKWUDI027,100
FDB04_CHUKWUDI035,100
FDB04_CHUKWUDI045,100
FDB04_CHUKWUDI046,100
FDB05_CHUKWUDI046,100
FDB05_CHUKWUDI049,100
FDB10_CHUKWUDI018,100
FDB10_CHUKWUDI049,100
FDB11_CHUKWUDI013,100
FDB12_CHUKWUDI035,100
FDB14_CHUKWUDI018,100
FDB14_CHUKWUDI019,100
FDB14_CHUKWUDI027,100
FDB14_CHUKWUDI035,100
FDB14_CHUKWUDI045,100
FDB15_CHUKWUDI010,100
FDB15_CHUKWUDI013,100
FDB15_CHUKWUDI018,100
FDB15_CHUKWUDI035,100
FDB15_CHUKWUDI046,100
FDB15_CHUKWUDI049,100
FDB16_CHUKWUDI035,100
FDB16_CHUKWUDI045,100
FDB16_CHUKWUDI046,100
FDB16_CHUKWUDI049,100
FDB17_CHUKWUDI010,100
FDB17_CHUKWUDI013,100
FDB20_CHUKWUDI017,100
FDB20_CHUKWUDI035,100
FDB20_CHUKWUDI045,100
FDB20_CHUKWUDI049,100
FDB21_CHUKWUDI018,100
FDB23_CHUKWUDI013,100
FDB23_CHUKWUDI018,100
FDB26_CHUKWUDI017,100
FDB26_CHUKWUDI027,100
FDB26_CHUKWUDI035,100
FDB26_CHUKWUDI045,100
FDB26_CHUKWUDI046,100
FDB27_CHUKWUDI010,100
FDB27_CHUKWUDI046,100
FDB28_CHUKWUDI010,100
FDB28_CHUKWUDI013,100
FDB29_CHUKWUDI035,100
FDB29_CHUKWUDI045,100
FDB32_CHUKWUDI017,100
FDB32_CHUKWUDI018,100
FDB32_CHUKWUDI019,100
FDB32_CHUKWUDI027,100
FDB32_CHUKWUDI035,100
FDB34_CHUKWUDI017,100
FDB34_CHUKWUDI018,100
FDB34_CHUKWUDI027,100
FDB34_CHUKWUDI035,100
FDB34_CHUKWUDI045,100
FDB34_CHUKWUDI049,100
FDB35_CHUKWUDI017,100
FDB35_CHUKWUDI018,100
FDB35_CHUKWUDI019,100
FDB35_CHUKWUDI045,100
FDB35_CHUKWUDI046,100
FDB36_CHUKWUDI027,100
FDB37_CHUKWUDI013,100
FDB37_CHUKWUDI046,100
FDB37_CHUKWUDI049,100
FDB39_CHUKWUDI017,100
FDB39_CHUKWUDI019,100
FDB39_CHUKWUDI035,100
FDB39_CHUKWUDI045,100
FDB39_CHUKWUDI049,100
FDB41_CHUKWUDI018,100
FDB41_CHUKWUDI019,100
FDB41_CHUKWUDI035,100
FDB41_CHUKWUDI045,100
FDB41_CHUKWUDI046,100
FDB44_CHUKWUDI013,100
FDB44_CHUKWUDI046,100
FDB45_CHUKWUDI019,100
FDB45_CHUKWUDI045,100
FDB47_CHUKWUDI013,100
FDB49_CHUKWUDI018,100
FDB49_CHUKWUDI019,100
FDB49_CHUKWUDI045,100
FDB50_CHUKWUDI017,100
FDB50_CHUKWUDI018,100
FDB50_CHUKWUDI045,100
FDB50_CHUKWUDI046,100
FDB50_CHUKWUDI049,100
FDB51_CHUKWUDI017,100
FDB51_CHUKWUDI018,100
FDB51_CHUKWUDI035,100
FDB51_CHUKWUDI045,100
FDB51_CHUKWUDI046,100
FDB52_CHUKWUDI013,100
FDB52_CHUKWUDI018,100
FDB52_CHUKWUDI049,100
FDB56_CHUKWUDI013,100
FDB57_CHUKWUDI013,100
FDB57_CHUKWUDI046,100
FDB59_CHUKWUDI046,100
FDB60_CHUKWUDI010,100
FDB60_CHUKWUDI013,100
FDC02_CHUKWUDI010,100
FDC02_CHUKWUDI013,100
FDC02_CHUKWUDI018,100
FDC02_CHUKWUDI046,100
FDC03_CHUKWUDI013,100
FDC04_CHUKWUDI018,100
FDC04_CHUKWUDI049,100
FDC08_CHUKWUDI010,100
FDC08_CHUKWUDI013,100
FDC08_CHUKWUDI046,100
FDC08_CHUKWUDI049,100
FDC09_CHUKWUDI018,100
FDC09_CHUKWUDI045,100
FDC10_CHUKWUDI027,100
FDC10_CHUKWUDI035,100
FDC11_CHUKWUDI018,100
FDC11_CHUKWUDI027,100
FDC11_CHUKWUDI046,100
FDC14_CHUKWUDI017,100
FDC14_CHUKWUDI018,100
FDC14_CHUKWUDI019,100
FDC14_CHUKWUDI027,100
FDC14_CHUKWUDI046,100
FDC14_CHUKWUDI049,100
FDC16_CHUKWUDI017,100
FDC16_CHUKWUDI018,100
FDC16_CHUKWUDI027,100
FDC16_CHUKWUDI035,100
FDC16_CHUKWUDI045,100
FDC16_CHUKWUDI046,100
FDC16_CHUKWUDI049,100
FDC17_CHUKWUDI013,100
FDC17_CHUKWUDI046,100
FDC20_CHUKWUDI017,100
FDC20_CHUKWUDI018,100
FDC20_CHUKWUDI019,100
FDC20_CHUKWUDI035,100
FDC20_CHUKWUDI045,100
FDC20_CHUKWUDI046,100
FDC21_CHUKWUDI017,100
FDC21_CHUKWUDI019,100
FDC22_CHUKWUDI013,100
FDC26_CHUKWUDI035,100
FDC28_CHUKWUDI017,100
FDC28_CHUKWUDI019,100
FDC28_CHUKWUDI027,100
FDC28_CHUKWUDI045,100
FDC29_CHUKWUDI027,100
FDC29_CHUKWUDI035,100
FDC32_CHUKWUDI019,100
FDC32_CHUKWUDI027,100
FDC32_CHUKWUDI035,100
FDC32_CHUKWUDI045,100
FDC33_CHUKWUDI013,100
FDC33_CHUKWUDI046,100
FDC35_CHUKWUDI010,100
FDC35_CHUKWUDI013,100
FDC35_CHUKWUDI046,100
FDC37_CHUKWUDI019,100
FDC39_CHUKWUDI013,100
FDC40_CHUKWUDI017,100
FDC40_CHUKWUDI018,100
FDC40_CHUKWUDI035,100
FDC40_CHUKWUDI049,100
FDC41_CHUKWUDI017,100
FDC41_CHUKWUDI019,100
FDC41_CHUKWUDI027,100
FDC41_CHUKWUDI046,100
FDC41_CHUKWUDI049,100
FDC44_CHUKWUDI027,100
FDC44_CHUKWUDI045,100
FDC46_CHUKWUDI010,100
FDC46_CHUKWUDI013,100
FDC47_CHUKWUDI010,100
FDC47_CHUKWUDI013,100
FDC47_CHUKWUDI018,100
FDC48_CHUKWUDI017,100
FDC48_CHUKWUDI019,100
FDC48_CHUKWUDI035,100
FDC48_CHUKWUDI046,100
FDC50_CHUKWUDI017,100
FDC50_CHUKWUDI018,100
FDC50_CHUKWUDI027,100
FDC50_CHUKWUDI035,100
FDC50_CHUKWUDI045,100
FDC51_CHUKWUDI035,100
FDC51_CHUKWUDI045,100
FDC53_CHUKWUDI018,100
FDC53_CHUKWUDI027,100
FDC53_CHUKWUDI035,100
FDC56_CHUKWUDI035,100
FDC57_CHUKWUDI013,100
FDC58_CHUKWUDI017,100
FDC58_CHUKWUDI018,100
FDC58_CHUKWUDI027,100
FDC58_CHUKWUDI035,100
FDC59_CHUKWUDI017,100
FDC59_CHUKWUDI018,100
FDC59_CHUKWUDI027,100
FDC59_CHUKWUDI035,100
FDC59_CHUKWUDI045,100
FDC59_CHUKWUDI049,100
FDC60_CHUKWUDI017,100
FDC60_CHUKWUDI019,100
FDC60_CHUKWUDI046,100
FDD02_CHUKWUDI045,100
FDD03_CHUKWUDI013,100
FDD03_CHUKWUDI018,100
FDD03_CHUKWUDI046,100
FDD05_CHUKWUDI027,100
FDD05_CHUKWUDI045,100
FDD08_CHUKWUDI017,100
FDD08_CHUKWUDI018,100
FDD08_CHUKWUDI027,100
FDD08_CHUKWUDI035,100
FDD08_CHUKWUDI049,100
FDD09_CHUKWUDI013,100
FDD10_CHUKWUDI010,100
FDD10_CHUKWUDI013,100
FDD11_CHUKWUDI013,100
FDD11_CHUKWUDI018,100
FDD14_CHUKWUDI013,100
FDD16_CHUKWUDI019,100
FDD16_CHUKWUDI035,100
FDD16_CHUKWUDI046,100
FDD17_CHUKWUDI010,100
FDD17_CHUKWUDI013,100
FDD17_CHUKWUDI046,100
FDD17_CHUKWUDI049,100
FDD20_CHUKWUDI027,100
FDD21_CHUKWUDI035,100
FDD26_CHUKWUDI010,100
FDD28_CHUKWUDI017,100
FDD28_CHUKWUDI027,100
FDD28_CHUKWUDI046,100
FDD28_CHUKWUDI049,100
FDD29_CHUKWUDI010,100
FDD29_CHUKWUDI013,100
FDD29_CHUKWUDI018,100
FDD29_CHUKWUDI046,100
FDD29_CHUKWUDI049,100
FDD32_CHUKWUDI017,100
FDD32_CHUKWUDI018,100
FDD33_CHUKWUDI013,100
FDD33_CHUKWUDI018,100
FDD35_CHUKWUDI027,100
FDD35_CHUKWUDI035,100
FDD35_CHUKWUDI045,100
FDD36_CHUKWUDI027,100
FDD38_CHUKWUDI017,100
FDD38_CHUKWUDI019,100
FDD38_CHUKWUDI027,100
FDD38_CHUKWUDI035,100
FDD38_CHUKWUDI045,100
FDD39_CHUKWUDI013,100
FDD39_CHUKWUDI018,100
FDD39_CHUKWUDI046,100
FDD40_CHUKWUDI013,100
FDD41_CHUKWUDI017,100
FDD41_CHUKWUDI027,100
FDD41_CHUKWUDI045,100
FDD44_CHUKWUDI013,100
FDD44_CHUKWUDI018,100
FDD44_CHUKWUDI046,100
FDD44_CHUKWUDI049,100
FDD45_CHUKWUDI018,100
FDD45_CHUKWUDI035,100
FDD45_CHUKWUDI045,100
FDD47_CHUKWUDI013,100
FDD48_CHUKWUDI045,100
FDD50_CHUKWUDI013,100
FDD51_CHUKWUDI019,100
FDD51_CHUKWUDI027,100
FDD51_CHUKWUDI035,100
FDD51_CHUKWUDI045,100
FDD51_CHUKWUDI049,100
FDD52_CHUKWUDI027,100
FDD52_CHUKWUDI035,100
FDD53_CHUKWUDI017,100
FDD53_CHUKWUDI019,100
FDD53_CHUKWUDI027,100
FDD53_CHUKWUDI049,100
FDD57_CHUKWUDI017,100
FDD57_CHUKWUDI027,100
FDD57_CHUKWUDI035,100
FDD58_CHUKWUDI018,100
FDD58_CHUKWUDI019,100
FDD58_CHUKWUDI035,100
FDD58_CHUKWUDI045,100
FDD59_CHUKWUDI017,100
FDD59_CHUKWUDI027,100
FDD59_CHUKWUDI045,100
FDD59_CHUKWUDI046,100
FDE02_CHUKWUDI017,100
FDE02_CHUKWUDI019,100
FDE02_CHUKWUDI027,100
FDE04_CHUKWUDI010,100
FDE04_CHUKWUDI013,100
FDE09_CHUKWUDI019,100
FDE09_CHUKWUDI027,100
FDE09_CHUKWUDI045,100
FDE10_CHUKWUDI027,100
FDE11_CHUKWUDI010,100
FDE11_CHUKWUDI013,100
FDE14_CHUKWUDI018,100
FDE14_CHUKWUDI035,100
FDE14_CHUKWUDI045,100
FDE16_CHUKWUDI010,100
FDE20_CHUKWUDI013,100
FDE21_CHUKWUDI027,100
FDE21_CHUKWUDI045,100
FDE23_CHUKWUDI017,100
FDE23_CHUKWUDI018,100
FDE23_CHUKWUDI035,100
FDE23_CHUKWUDI045,100
FDE23_CHUKWUDI046,100
FDE28_CHUKWUDI010,100
FDE28_CHUKWUDI013,100
FDE28_CHUKWUDI049,100
FDE29_CHUKWUDI018,100
FDE29_CHUKWUDI027,100
FDE29_CHUKWUDI045,100
FDE29_CHUKWUDI046,100
FDE29_CHUKWUDI049,100
FDE32_CHUKWUDI017,100
FDE32_CHUKWUDI018,100
FDE32_CHUKWUDI027,100
FDE32_CHUKWUDI035,100
FDE32_CHUKWUDI046,100
FDE33_CHUKWUDI017,100
FDE33_CHUKWUDI019,100
FDE33_CHUKWUDI027,100
FDE33_CHUKWUDI045,100
FDE33_CHUKWUDI049,100
FDE34_CHUKWUDI010,100
FDE35_CHUKWUDI027,100
FDE35_CHUKWUDI045,100
FDE35_CHUKWUDI049,100
FDE39_CHUKWUDI035,100
FDE39_CHUKWUDI045,100
FDE40_CHUKWUDI017,100
FDE40_CHUKWUDI018,100
FDE40_CHUKWUDI019,100
FDE40_CHUKWUDI027,100
FDE40_CHUKWUDI045,100
FDE41_CHUKWUDI017,100
FDE41_CHUKWUDI019,100
FDE41_CHUKWUDI035,100
FDE41_CHUKWUDI045,100
FDE41_CHUKWUDI046,100
FDE41_CHUKWUDI049,100
FDE44_CHUKWUDI017,100
FDE44_CHUKWUDI035,100
FDE44_CHUKWUDI045,100
FDE44_CHUKWUDI046,100
FDE45_CHUKWUDI013,100
FDE51_CHUKWUDI017,100
FDE51_CHUKWUDI019,100
FDE51_CHUKWUDI027,100
FDE51_CHUKWUDI035,100
FDE51_CHUKWUDI046,100
FDE52_CHUKWUDI027,100
FDE53_CHUKWUDI017,100
FDE53_CHUKWUDI027,100
FDE53_CHUKWUDI045,100
FDE56_CHUKWUDI017,100
FDE56_CHUKWUDI019,100
FDE56_CHUKWUDI027,100
FDE56_CHUKWUDI035,100
FDE57_CHUKWUDI027,100
FDE58_CHUKWUDI027,100
FDE59_CHUKWUDI017,100
FDE59_CHUKWUDI018,100
FDE59_CHUKWUDI035,100
FDE59_CHUKWUDI049,100
FDF02_CHUKWUDI017,100
FDF02_CHUKWUDI018,100
FDF04_CHUKWUDI013,100
FDF04_CHUKWUDI018,100
FDF04_CHUKWUDI046,100
FDF04_CHUKWUDI049,100
FDF05_CHUKWUDI013,100
FDF05_CHUKWUDI018,100
FDF05_CHUKWUDI035,100
FDF05_CHUKWUDI045,100
FDF05_CHUKWUDI046,100
FDF05_CHUKWUDI049,100
FDF08_CHUKWUDI018,100
FDF08_CHUKWUDI035,100
FDF08_CHUKWUDI045,100
FDF08_CHUKWUDI046,100
FDF09_CHUKWUDI018,100
FDF09_CHUKWUDI027,100
FDF09_CHUKWUDI035,100
FDF09_CHUKWUDI045,100
FDF09_CHUKWUDI049,100
FDF11_CHUKWUDI018,100
FDF11_CHUKWUDI049,100
FDF20_CHUKWUDI010,100
FDF20_CHUKWUDI013,100
FDF20_CHUKWUDI046,100
FDF21_CHUKWUDI010,100
FDF21_CHUKWUDI013,100
FDF22_CHUKWUDI010,100
FDF22_CHUKWUDI013,100
FDF22_CHUKWUDI046,100
FDF24_CHUKWUDI017,100
FDF24_CHUKWUDI018,100
FDF24_CHUKWUDI027,100
FDF24_CHUKWUDI035,100
FDF24_CHUKWUDI049,100
FDF28_CHUKWUDI027,100
FDF29_CHUKWUDI027,100
FDF32_CHUKWUDI010,100
FDF32_CHUKWUDI013,100
FDF32_CHUKWUDI046,100
FDF33_CHUKWUDI027,100
FDF33_CHUKWUDI035,100
FDF33_CHUKWUDI045,100
FDF34_CHUKWUDI010,100
FDF35_CHUKWUDI017,100
FDF35_CHUKWUDI035,100
FDF35_CHUKWUDI045,100
FDF38_CHUKWUDI046,100
FDF39_CHUKWUDI013,100
FDF39_CHUKWUDI018,100
FDF39_CHUKWUDI045,100
FDF39_CHUKWUDI046,100
FDF41_CHUKWUDI018,100
FDF41_CHUKWUDI046,100
FDF41_CHUKWUDI049,100
FDF44_CHUKWUDI027,100
FDF45_CHUKWUDI017,100
FDF45_CHUKWUDI018,100
FDF45_CHUKWUDI045,100
FDF45_CHUKWUDI049,100
FDF46_CHUKWUDI027,100
FDF46_CHUKWUDI035,100
FDF46_CHUKWUDI045,100
FDF47_CHUKWUDI013,100
FDF47_CHUKWUDI046,100
FDF52_CHUKWUDI010,100
FDF52_CHUKWUDI013,100
FDF53_CHUKWUDI013,100
FDF56_CHUKWUDI010,100
FDF56_CHUKWUDI013,100
FDF58_CHUKWUDI027,100
FDF58_CHUKWUDI046,100
FDG08_CHUKWUDI013,100
FDG09_CHUKWUDI010,100
FDG09_CHUKWUDI013,100
FDG10_CHUKWUDI018,100
FDG10_CHUKWUDI019,100
FDG10_CHUKWUDI027,100
FDG10_CHUKWUDI035,100
FDG10_CHUKWUDI045,100
FDG12_CHUKWUDI027,100
FDG12_CHUKWUDI045,100
FDG16_CHUKWUDI013,100
FDG16_CHUKWUDI046,100
FDG17_CHUKWUDI018,100
FDG17_CHUKWUDI049,100
FDG20_CHUKWUDI010,100
FDG22_CHUKWUDI017,100
FDG22_CHUKWUDI027,100
FDG22_CHUKWUDI035,100
FDG22_CHUKWUDI046,100
FDG24_CHUKWUDI017,100
FDG24_CHUKWUDI018,100
FDG24_CHUKWUDI027,100
FDG24_CHUKWUDI035,100
FDG24_CHUKWUDI045,100
FDG24_CHUKWUDI046,100
FDG24_CHUKWUDI049,100
FDG26_CHUKWUDI013,100
FDG26_CHUKWUDI018,100
FDG26_CHUKWUDI049,100
FDG28_CHUKWUDI046,100
FDG29_CHUKWUDI017,100
FDG29_CHUKWUDI027,100
FDG29_CHUKWUDI035,100
FDG29_CHUKWUDI046,100
FDG29_CHUKWUDI049,100
FDG31_CHUKWUDI019,100
FDG31_CHUKWUDI027,100
FDG31_CHUKWUDI035,100
FDG31_CHUKWUDI049,100
FDG32_CHUKWUDI013,100
FDG32_CHUKWUDI046,100
FDG33_CHUKWUDI013,100
FDG34_CHUKWUDI017,100
FDG34_CHUKWUDI027,100
FDG34_CHUKWUDI035,100
FDG34_CHUKWUDI045,100
FDG38_CHUKWUDI017,100
FDG38_CHUKWUDI018,100
FDG38_CHUKWUDI027,100
FDG38_CHUKWUDI045,100
FDG38_CHUKWUDI046,100
FDG38_CHUKWUDI049,100
FDG40_CHUKWUDI017,100
FDG40_CHUKWUDI027,100
FDG40_CHUKWUDI046,100
FDG41_CHUKWUDI017,100
FDG41_CHUKWUDI035,100
FDG44_CHUKWUDI018,100
FDG44_CHUKWUDI019,100
FDG44_CHUKWUDI027,100
FDG44_CHUKWUDI035,100
FDG44_CHUKWUDI046,100
FDG44_CHUKWUDI049,100
FDG45_CHUKWUDI010,100
FDG45_CHUKWUDI013,100
FDG46_CHUKWUDI027,100
FDG46_CHUKWUDI045,100
FDG47_CHUKWUDI010,100
FDG47_CHUKWUDI013,100
FDG47_CHUKWUDI018,100
FDG47_CHUKWUDI035,100
FDG47_CHUKWUDI046,100
FDG50_CHUKWUDI017,100
FDG50_CHUKWUDI018,100
FDG50_CHUKWUDI045,100
FDG50_CHUKWUDI046,100
FDG52_CHUKWUDI018,100
FDG52_CHUKWUDI027,100
FDG52_CHUKWUDI035,100
FDG52_CHUKWUDI049,100
FDG56_CHUKWUDI017,100
FDG56_CHUKWUDI018,100
FDG56_CHUKWUDI027,100
FDG56_CHUKWUDI035,100
FDG56_CHUKWUDI045,100
FDG57_CHUKWUDI017,100
FDG57_CHUKWUDI018,100
FDG57_CHUKWUDI035,100
FDG57_CHUKWUDI045,100
FDG57_CHUKWUDI046,100
FDG57_CHUKWUDI049,100
FDG59_CHUKWUDI017,100
FDG59_CHUKWUDI018,100
FDG59_CHUKWUDI027,100
FDG59_CHUKWUDI035,100
FDG59_CHUKWUDI045,100
FDG59_CHUKWUDI046,100
FDG60_CHUKWUDI013,100
FDG60_CHUKWUDI046,100
FDG60_CHUKWUDI049,100
FDH02_CHUKWUDI017,100
FDH02_CHUKWUDI018,100
FDH02_CHUKWUDI027,100
FDH02_CHUKWUDI045,100
FDH04_CHUKWUDI017,100
FDH04_CHUKWUDI018,100
FDH04_CHUKWUDI019,100
FDH04_CHUKWUDI046,100
FDH05_CHUKWUDI018,100
FDH05_CHUKWUDI046,100
FDH05_CHUKWUDI049,100
FDH08_CHUKWUDI046,100
FDH09_CHUKWUDI017,100
FDH09_CHUKWUDI027,100
FDH09_CHUKWUDI035,100
FDH09_CHUKWUDI045,100
FDH09_CHUKWUDI049,100
FDH10_CHUKWUDI010,100
FDH10_CHUKWUDI013,100
FDH12_CHUKWUDI017,100
FDH12_CHUKWUDI019,100
FDH12_CHUKWUDI045,100
FDH16_CHUKWUDI017,100
FDH16_CHUKWUDI027,100
FDH16_CHUKWUDI046,100
FDH16_CHUKWUDI049,100
FDH17_CHUKWUDI017,100
FDH17_CHUKWUDI019,100
FDH17_CHUKWUDI035,100
FDH17_CHUKWUDI045,100
FDH19_CHUKWUDI013,100
FDH20_CHUKWUDI017,100
FDH20_CHUKWUDI018,100
FDH20_CHUKWUDI035,100
FDH20_CHUKWUDI045,100
FDH26_CHUKWUDI027,100
FDH28_CHUKWUDI017,100
FDH28_CHUKWUDI018,100
FDH28_CHUKWUDI019,100
FDH28_CHUKWUDI027,100
FDH28_CHUKWUDI035,100
FDH28_CHUKWUDI045,100
FDH28_CHUKWUDI046,100
FDH28_CHUKWUDI049,100
FDH31_CHUKWUDI019,100
FDH31_CHUKWUDI027,100
FDH31_CHUKWUDI035,100
FDH32_CHUKWUDI018,100
FDH32_CHUKWUDI027,100
FDH32_CHUKWUDI035,100
FDH32_CHUKWUDI045,100
FDH33_CHUKWUDI017,100
FDH33_CHUKWUDI018,100
FDH33_CHUKWUDI019,100
FDH33_CHUKWUDI027,100
FDH33_CHUKWUDI035,100
FDH33_CHUKWUDI045,100
FDH33_CHUKWUDI046,100
FDH33_CHUKWUDI049,100
FDH38_CHUKWUDI035,100
FDH40_CHUKWUDI017,100
FDH40_CHUKWUDI018,100
FDH40_CHUKWUDI027,100
FDH40_CHUKWUDI046,100
FDH41_CHUKWUDI013,100
FDH41_CHUKWUDI046,100
FDH45_CHUKWUDI018,100
FDH45_CHUKWUDI019,100
FDH45_CHUKWUDI035,100
FDH45_CHUKWUDI045,100
FDH45_CHUKWUDI046,100
FDH45_CHUKWUDI049,100
FDH47_CHUKWUDI035,100
FDH47_CHUKWUDI045,100
FDH48_CHUKWUDI017,100
FDH48_CHUKWUDI018,100
FDH48_CHUKWUDI019,100
FDH48_CHUKWUDI045,100
FDH48_CHUKWUDI049,100
FDH50_CHUKWUDI013,100
FDH52_CHUKWUDI017,100
FDH52_CHUKWUDI019,100
FDH52_CHUKWUDI027,100
FDH53_CHUKWUDI017,100
FDH53_CHUKWUDI018,100
FDH53_CHUKWUDI035,100
FDH53_CHUKWUDI046,100
FDH56_CHUKWUDI035,100
FDH56_CHUKWUDI045,100
FDH57_CHUKWUDI027,100
FDH58_CHUKWUDI045,100
FDH60_CHUKWUDI046,100
FDI02_CHUKWUDI017,100
FDI02_CHUKWUDI035,100
FDI04_CHUKWUDI013,100
FDI04_CHUKWUDI046,100
FDI05_CHUKWUDI017,100
FDI05_CHUKWUDI046,100
FDI05_CHUKWUDI049,100
FDI07_CHUKWUDI046,100
FDI08_CHUKWUDI018,100
FDI08_CHUKWUDI046,100
FDI08_CHUKWUDI049,100
FDI09_CHUKWUDI018,100
FDI09_CHUKWUDI046,100
FDI09_CHUKWUDI049,100
FDI10_CHUKWUDI013,100
FDI12_CHUKWUDI017,100
FDI12_CHUKWUDI045,100
FDI12_CHUKWUDI046,100
FDI12_CHUKWUDI049,100
FDI14_CHUKWUDI027,100
FDI15_CHUKWUDI013,100
FDI15_CHUKWUDI035,100
FDI15_CHUKWUDI046,100
FDI15_CHUKWUDI049,100
FDI16_CHUKWUDI018,100
FDI16_CHUKWUDI027,100
FDI16_CHUKWUDI035,100
FDI16_CHUKWUDI046,100
FDI19_CHUKWUDI010,100
FDI19_CHUKWUDI013,100
FDI19_CHUKWUDI046,100
FDI20_CHUKWUDI010,100
FDI20_CHUKWUDI013,100
FDI20_CHUKWUDI046,100
FDI21_CHUKWUDI018,100
FDI21_CHUKWUDI027,100
FDI21_CHUKWUDI035,100
FDI21_CHUKWUDI045,100
FDI21_CHUKWUDI046,100
FDI22_CHUKWUDI010,100
FDI22_CHUKWUDI013,100
FDI22_CHUKWUDI046,100
FDI24_CHUKWUDI013,100
FDI27_CHUKWUDI017,100
FDI27_CHUKWUDI027,100
FDI27_CHUKWUDI045,100
FDI27_CHUKWUDI049,100
FDI28_CHUKWUDI018,100
FDI28_CHUKWUDI027,100
FDI28_CHUKWUDI045,100
FDI28_CHUKWUDI046,100
FDI28_CHUKWUDI049,100
FDI32_CHUKWUDI027,100
FDI32_CHUKWUDI035,100
FDI32_CHUKWUDI045,100
FDI33_CHUKWUDI017,100
FDI33_CHUKWUDI027,100
FDI33_CHUKWUDI045,100
FDI34_CHUKWUDI018,100
FDI34_CHUKWUDI046,100
FDI34_CHUKWUDI049,100
FDI36_CHUKWUDI046,100
FDI38_CHUKWUDI010,100
FDI38_CHUKWUDI046,100
FDI40_CHUKWUDI017,100
FDI40_CHUKWUDI018,100
FDI40_CHUKWUDI035,100
FDI40_CHUKWUDI045,100
FDI44_CHUKWUDI017,100
FDI44_CHUKWUDI027,100
FDI44_CHUKWUDI049,100
FDI45_CHUKWUDI013,100
FDI46_CHUKWUDI018,100
FDI46_CHUKWUDI046,100
FDI46_CHUKWUDI049,100
FDI48_CHUKWUDI017,100
FDI48_CHUKWUDI035,100
FDI48_CHUKWUDI049,100
FDI50_CHUKWUDI013,100
FDI50_CHUKWUDI018,100
FDI50_CHUKWUDI049,100
FDI52_CHUKWUDI035,100
FDI52_CHUKWUDI045,100
FDI56_CHUKWUDI017,100
FDI56_CHUKWUDI018,100
FDI56_CHUKWUDI027,100
FDI56_CHUKWUDI046,100
FDI57_CHUKWUDI013,100
FDI57_CHUKWUDI046,100
FDI58_CHUKWUDI017,100
FDI58_CHUKWUDI045,100
FDI60_CHUKWUDI018,100
FDI60_CHUKWUDI045,100
FDI60_CHUKWUDI046,100
FDI60_CHUKWUDI049,100
FDJ03_CHUKWUDI018,100
FDJ03_CHUKWUDI045,100
FDJ04_CHUKWUDI035,100
FDJ04_CHUKWUDI045,100
FDJ07_CHUKWUDI027,100
FDJ09_CHUKWUDI017,100
FDJ09_CHUKWUDI018,100
FDJ09_CHUKWUDI035,100
FDJ09_CHUKWUDI045,100
FDJ09_CHUKWUDI046,100
FDJ09_CHUKWUDI049,100
FDJ10_CHUKWUDI027,100
FDJ12_CHUKWUDI013,100
FDJ14_CHUKWUDI017,100
FDJ14_CHUKWUDI019,100
FDJ14_CHUKWUDI046,100
FDJ16_CHUKWUDI017,100
FDJ16_CHUKWUDI018,100
FDJ16_CHUKWUDI035,100
FDJ16_CHUKWUDI046,100
FDJ16_CHUKWUDI049,100
FDJ20_CHUKWUDI045,100
FDJ22_CHUKWUDI013,100
FDJ26_CHUKWUDI018,100
FDJ26_CHUKWUDI046,100
FDJ27_CHUKWUDI017,100
FDJ27_CHUKWUDI018,100
FDJ27_CHUKWUDI045,100
FDJ28_CHUKWUDI010,100
FDJ32_CHUKWUDI027,100
FDJ32_CHUKWUDI045,100
FDJ32_CHUKWUDI046,100
FDJ33_CHUKWUDI027,100
FDJ33_CHUKWUDI035,100
FDJ34_CHUKWUDI027,100
FDJ36_CHUKWUDI027,100
FDJ36_CHUKWUDI035,100
FDJ36_CHUKWUDI045,100
FDJ38_CHUKWUDI013,100
FDJ40_CHUKWUDI027,100
FDJ40_CHUKWUDI035,100
FDJ41_CHUKWUDI010,100
FDJ41_CHUKWUDI013,100
FDJ41_CHUKWUDI018,100
FDJ41_CHUKWUDI035,100
FDJ41_CHUKWUDI046,100
FDJ44_CHUKWUDI013,100
FDJ45_CHUKWUDI018,100
FDJ45_CHUKWUDI019,100
FDJ45_CHUKWUDI027,100
FDJ45_CHUKWUDI035,100
FDJ45_CHUKWUDI045,100
FDJ45_CHUKWUDI049,100
FDJ48_CHUKWUDI010,100
FDJ48_CHUKWUDI013,100
FDJ48_CHUKWUDI046,100
FDJ50_CHUKWUDI035,100
FDJ50_CHUKWUDI045,100
FDJ50_CHUKWUDI049,100
FDJ53_CHUKWUDI027,100
FDJ53_CHUKWUDI035,100
FDJ55_CHUKWUDI010,100
FDJ55_CHUKWUDI013,100
FDJ55_CHUKWUDI018,100
FDJ55_CHUKWUDI046,100
FDJ56_CHUKWUDI017,100
FDJ56_CHUKWUDI019,100
FDJ56_CHUKWUDI027,100
FDJ56_CHUKWUDI045,100
FDJ57_CHUKWUDI010,100
FDJ58_CHUKWUDI013,100
FDK02_CHUKWUDI035,100
FDK03_CHUKWUDI010,100
FDK03_CHUKWUDI018,100
FDK03_CHUKWUDI046,100
FDK03_CHUKWUDI049,100
FDK04_CHUKWUDI017,100
FDK04_CHUKWUDI027,100
FDK04_CHUKWUDI045,100
FDK04_CHUKWUDI046,100
FDK08_CHUKWUDI018,100
FDK08_CHUKWUDI019,100
FDK08_CHUKWUDI027,100
FDK09_CHUKWUDI010,100
FDK09_CHUKWUDI046,100
FDK10_CHUKWUDI013,100
FDK14_CHUKWUDI017,100
FDK14_CHUKWUDI018,100
FDK14_CHUKWUDI035,100
FDK14_CHUKWUDI045,100
FDK14_CHUKWUDI046,100
FDK15_CHUKWUDI018,100
FDK15_CHUKWUDI019,100
FDK15_CHUKWUDI027,100
FDK15_CHUKWUDI035,100
FDK16_CHUKWUDI018,100
FDK16_CHUKWUDI027,100
FDK16_CHUKWUDI035,100
FDK16_CHUKWUDI045,100
FDK20_CHUKWUDI027,100
FDK20_CHUKWUDI045,100
FDK21_CHUKWUDI010,100
FDK21_CHUKWUDI013,100
FDK21_CHUKWUDI018,100
FDK21_CHUKWUDI046,100
FDK21_CHUKWUDI049,100
FDK22_CHUKWUDI010,100
FDK22_CHUKWUDI018,100
FDK24_CHUKWUDI018,100
FDK24_CHUKWUDI019,100
FDK24_CHUKWUDI027,100
FDK24_CHUKWUDI035,100
FDK24_CHUKWUDI045,100
FDK24_CHUKWUDI046,100
FDK27_CHUKWUDI027,100
FDK27_CHUKWUDI035,100
FDK28_CHUKWUDI010,100
FDK28_CHUKWUDI018,100
FDK28_CHUKWUDI046,100
FDK33_CHUKWUDI013,100
FDK34_CHUKWUDI013,100
FDK34_CHUKWUDI018,100
FDK36_CHUKWUDI017,100
FDK36_CHUKWUDI027,100
FDK36_CHUKWUDI035,100
FDK36_CHUKWUDI046,100
FDK40_CHUKWUDI010,100
FDK40_CHUKWUDI013,100
FDK40_CHUKWUDI018,100
FDK40_CHUKWUDI027,100
FDK40_CHUKWUDI045,100
FDK40_CHUKWUDI046,100
FDK40_CHUKWUDI049,100
FDK41_CHUKWUDI017,100
FDK41_CHUKWUDI027,100
FDK41_CHUKWUDI035,100
FDK41_CHUKWUDI045,100
FDK41_CHUKWUDI046,100
FDK43_CHUKWUDI045,100
FDK45_CHUKWUDI035,100
FDK45_CHUKWUDI045,100
FDK46_CHUKWUDI010,100
FDK46_CHUKWUDI018,100
FDK48_CHUKWUDI017,100
FDK48_CHUKWUDI027,100
FDK48_CHUKWUDI045,100
FDK48_CHUKWUDI046,100
FDK48_CHUKWUDI049,100
FDK51_CHUKWUDI010,100
FDK51_CHUKWUDI013,100
FDK51_CHUKWUDI027,100
FDK51_CHUKWUDI035,100
FDK51_CHUKWUDI046,100
FDK51_CHUKWUDI049,100
FDK52_CHUKWUDI010,100
FDK52_CHUKWUDI013,100
FDK52_CHUKWUDI018,100
FDK55_CHUKWUDI017,100
FDK55_CHUKWUDI018,100
FDK55_CHUKWUDI019,100
FDK55_CHUKWUDI035,100
FDK55_CHUKWUDI045,100
FDK56_CHUKWUDI010,100
FDK56_CHUKWUDI013,100
FDK57_CHUKWUDI027,100
FDK58_CHUKWUDI018,100
FDK58_CHUKWUDI019,100
FDK58_CHUKWUDI027,100
FDK58_CHUKWUDI035,100
FDK58_CHUKWUDI045,100
FDK60_CHUKWUDI018,100
FDK60_CHUKWUDI035,100
FDL02_CHUKWUDI019,100
FDL03_CHUKWUDI013,100
FDL04_CHUKWUDI017,100
FDL04_CHUKWUDI027,100
FDL04_CHUKWUDI035,100
FDL08_CHUKWUDI013,100
FDL08_CHUKWUDI046,100
FDL10_CHUKWUDI017,100
FDL10_CHUKWUDI018,100
FDL10_CHUKWUDI027,100
FDL10_CHUKWUDI035,100
FDL10_CHUKWUDI045,100
FDL12_CHUKWUDI019,100
FDL12_CHUKWUDI027,100
FDL12_CHUKWUDI035,100
FDL12_CHUKWUDI046,100
FDL13_CHUKWUDI010,100
FDL13_CHUKWUDI013,100
FDL13_CHUKWUDI018,100
FDL13_CHUKWUDI049,100
FDL16_CHUKWUDI017,100
FDL16_CHUKWUDI018,100
FDL16_CHUKWUDI019,100
FDL16_CHUKWUDI049,100
FDL20_CHUKWUDI017,100
FDL20_CHUKWUDI027,100
FDL20_CHUKWUDI035,100
FDL20_CHUKWUDI045,100
FDL21_CHUKWUDI019,100
FDL21_CHUKWUDI035,100
FDL21_CHUKWUDI045,100
FDL21_CHUKWUDI046,100
FDL22_CHUKWUDI017,100
FDL22_CHUKWUDI027,100
FDL22_CHUKWUDI035,100
FDL22_CHUKWUDI045,100
FDL24_CHUKWUDI013,100
FDL25_CHUKWUDI017,100
FDL25_CHUKWUDI018,100
FDL27_CHUKWUDI018,100
FDL27_CHUKWUDI045,100
FDL27_CHUKWUDI046,100
FDL27_CHUKWUDI049,100
FDL28_CHUKWUDI013,100
FDL32_CHUKWUDI017,100
FDL33_CHUKWUDI010,100
FDL33_CHUKWUDI013,100
FDL34_CHUKWUDI027,100
FDL36_CHUKWUDI017,100
FDL36_CHUKWUDI018,100
FDL36_CHUKWUDI019,100
FDL36_CHUKWUDI027,100
FDL36_CHUKWUDI045,100
FDL38_CHUKWUDI018,100
FDL38_CHUKWUDI019,100
FDL38_CHUKWUDI027,100
FDL38_CHUKWUDI035,100
FDL38_CHUKWUDI045,100
FDL39_CHUKWUDI013,100
FDL40_CHUKWUDI018,100
FDL40_CHUKWUDI019,100
FDL40_CHUKWUDI027,100
FDL40_CHUKWUDI035,100
FDL40_CHUKWUDI045,100
FDL43_CHUKWUDI017,100
FDL43_CHUKWUDI027,100
FDL43_CHUKWUDI035,100
FDL43_CHUKWUDI046,100
FDL43_CHUKWUDI049,100
FDL45_CHUKWUDI027,100
FDL45_CHUKWUDI035,100
FDL45_CHUKWUDI045,100
FDL46_CHUKWUDI027,100
FDL46_CHUKWUDI035,100
FDL48_CHUKWUDI017,100
FDL48_CHUKWUDI027,100
FDL48_CHUKWUDI035,100
FDL48_CHUKWUDI046,100
FDL48_CHUKWUDI049,100
FDL51_CHUKWUDI013,100
FDL51_CHUKWUDI046,100
FDL52_CHUKWUDI017,100
FDL52_CHUKWUDI018,100
FDL52_CHUKWUDI019,100
FDL52_CHUKWUDI027,100
FDL52_CHUKWUDI046,100
FDL56_CHUKWUDI018,100
FDL56_CHUKWUDI019,100
FDL56_CHUKWUDI027,100
FDL56_CHUKWUDI035,100
FDL56_CHUKWUDI045,100
FDL57_CHUKWUDI013,100
FDL57_CHUKWUDI018,100
FDL57_CHUKWUDI049,100
FDL58_CHUKWUDI010,100
FDL58_CHUKWUDI013,100
FDL58_CHUKWUDI018,100
FDL58_CHUKWUDI035,100
FDL58_CHUKWUDI045,100
FDL58_CHUKWUDI046,100
FDL58_CHUKWUDI049,100
FDM01_CHUKWUDI017,100
FDM01_CHUKWUDI018,100
FDM01_CHUKWUDI027,100
FDM01_CHUKWUDI035,100
FDM02_CHUKWUDI017,100
FDM02_CHUKWUDI018,100
FDM02_CHUKWUDI035,100
FDM02_CHUKWUDI046,100
FDM03_CHUKWUDI017,100
FDM03_CHUKWUDI027,100
FDM03_CHUKWUDI035,100
FDM04_CHUKWUDI017,100
FDM04_CHUKWUDI018,100
FDM04_CHUKWUDI035,100
FDM04_CHUKWUDI046,100
FDM04_CHUKWUDI049,100
FDM08_CHUKWUDI010,100
FDM08_CHUKWUDI013,100
FDM08_CHUKWUDI046,100
FDM10_CHUKWUDI013,100
FDM12_CHUKWUDI010,100
FDM14_CHUKWUDI027,100
FDM14_CHUKWUDI035,100
FDM16_CHUKWUDI018,100
FDM16_CHUKWUDI046,100
FDM20_CHUKWUDI013,100
FDM20_CHUKWUDI018,100
FDM20_CHUKWUDI046,100
FDM21_CHUKWUDI049,100
FDM22_CHUKWUDI019,100
FDM22_CHUKWUDI027,100
FDM22_CHUKWUDI035,100
FDM25_CHUKWUDI013,100
FDM28_CHUKWUDI010,100
FDM28_CHUKWUDI013,100
FDM32_CHUKWUDI018,100
FDM32_CHUKWUDI046,100
FDM33_CHUKWUDI013,100
FDM33_CHUKWUDI018,100
FDM33_CHUKWUDI046,100
FDM34_CHUKWUDI027,100
FDM36_CHUKWUDI013,100
FDM38_CHUKWUDI046,100
FDM39_CHUKWUDI010,100
FDM39_CHUKWUDI013,100
FDM44_CHUKWUDI017,100
FDM44_CHUKWUDI019,100
FDM44_CHUKWUDI045,100
FDM45_CHUKWUDI035,100
FDM45_CHUKWUDI045,100
FDM46_CHUKWUDI027,100
FDM46_CHUKWUDI035,100
FDM46_CHUKWUDI045,100
FDM50_CHUKWUDI018,100
FDM50_CHUKWUDI027,100
FDM50_CHUKWUDI035,100
FDM50_CHUKWUDI045,100
FDM51_CHUKWUDI017,100
FDM51_CHUKWUDI035,100
FDM51_CHUKWUDI045,100
FDM56_CHUKWUDI017,100
FDM56_CHUKWUDI019,100
FDM56_CHUKWUDI027,100
FDM57_CHUKWUDI017,100
FDM57_CHUKWUDI035,100
FDM57_CHUKWUDI045,100
FDM57_CHUKWUDI046,100
FDM58_CHUKWUDI017,100
FDM58_CHUKWUDI027,100
FDM60_CHUKWUDI017,100
FDM60_CHUKWUDI018,100
FDM60_CHUKWUDI046,100
FDM60_CHUKWUDI049,100
FDN01_CHUKWUDI010,100
FDN02_CHUKWUDI013,100
FDN02_CHUKWUDI046,100
FDN03_CHUKWUDI010,100
FDN03_CHUKWUDI046,100
FDN04_CHUKWUDI013,100
FDN08_CHUKWUDI027,100
FDN08_CHUKWUDI045,100
FDN09_CHUKWUDI010,100
FDN09_CHUKWUDI013,100
FDN09_CHUKWUDI018,100
FDN10_CHUKWUDI027,100
FDN10_CHUKWUDI035,100
FDN10_CHUKWUDI045,100
FDN12_CHUKWUDI027,100
FDN12_CHUKWUDI045,100
FDN13_CHUKWUDI017,100
FDN13_CHUKWUDI019,100
FDN13_CHUKWUDI045,100
FDN15_CHUKWUDI027,100
FDN16_CHUKWUDI017,100
FDN16_CHUKWUDI045,100
FDN22_CHUKWUDI013,100
FDN22_CHUKWUDI018,100
FDN24_CHUKWUDI017,100
FDN24_CHUKWUDI019,100
FDN24_CHUKWUDI027,100
FDN24_CHUKWUDI045,100
FDN24_CHUKWUDI046,100
FDN25_CHUKWUDI018,100
FDN25_CHUKWUDI019,100
FDN25_CHUKWUDI035,100
FDN25_CHUKWUDI049,100
FDN27_CHUKWUDI027,100
FDN27_CHUKWUDI035,100
FDN28_CHUKWUDI017,100
FDN28_CHUKWUDI018,100
FDN28_CHUKWUDI035,100
FDN31_CHUKWUDI013,100
FDN33_CHUKWUDI027,100
FDN34_CHUKWUDI013,100
FDN38_CHUKWUDI013,100
FDN38_CHUKWUDI018,100
FDN38_CHUKWUDI046,100
FDN39_CHUKWUDI013,100
FDN45_CHUKWUDI046,100
FDN46_CHUKWUDI017,100
FDN46_CHUKWUDI035,100
FDN46_CHUKWUDI045,100
FDN48_CHUKWUDI018,100
FDN48_CHUKWUDI019,100
FDN48_CHUKWUDI027,100
FDN48_CHUKWUDI035,100
FDN48_CHUKWUDI045,100
FDN49_CHUKWUDI018,100
FDN49_CHUKWUDI035,100
FDN49_CHUKWUDI046,100
FDN49_CHUKWUDI049,100
FDN50_CHUKWUDI018,100
FDN50_CHUKWUDI027,100
FDN52_CHUKWUDI027,100
FDN57_CHUKWUDI027,100
FDN58_CHUKWUDI013,100
FDN58_CHUKWUDI018,100
FDN58_CHUKWUDI046,100
FDN58_CHUKWUDI049,100
FDO01_CHUKWUDI027,100
FDO01_CHUKWUDI045,100
FDO03_CHUKWUDI018,100
FDO04_CHUKWUDI017,100
FDO04_CHUKWUDI018,100
FDO04_CHUKWUDI027,100
FDO04_CHUKWUDI046,100
FDO09_CHUKWUDI013,100
FDO09_CHUKWUDI045,100
FDO09_CHUKWUDI046,100
FDO09_CHUKWUDI049,100
FDO10_CHUKWUDI017,100
FDO10_CHUKWUDI019,100
FDO10_CHUKWUDI027,100
FDO10_CHUKWUDI035,100
FDO10_CHUKWUDI045,100
FDO10_CHUKWUDI046,100
FDO11_CHUKWUDI010,100
FDO11_CHUKWUDI046,100
FDO11_CHUKWUDI049,100
FDO12_CHUKWUDI013,100
FDO12_CHUKWUDI046,100
FDO15_CHUKWUDI017,100
FDO15_CHUKWUDI018,100
FDO15_CHUKWUDI019,100
FDO15_CHUKWUDI027,100
FDO15_CHUKWUDI035,100
FDO15_CHUKWUDI049,100
FDO16_CHUKWUDI018,100
FDO16_CHUKWUDI045,100
FDO16_CHUKWUDI046,100
FDO16_CHUKWUDI049,100
FDO19_CHUKWUDI017,100
FDO19_CHUKWUDI018,100
FDO19_CHUKWUDI027,100
FDO19_CHUKWUDI035,100
FDO19_CHUKWUDI045,100
FDO19_CHUKWUDI046,100
FDO19_CHUKWUDI049,100
FDO20_CHUKWUDI013,100
FDO20_CHUKWUDI018,100
FDO20_CHUKWUDI046,100
FDO20_CHUKWUDI049,100
FDO21_CHUKWUDI013,100
FDO21_CHUKWUDI018,100
FDO21_CHUKWUDI046,100
FDO22_CHUKWUDI017,100
FDO22_CHUKWUDI018,100
FDO22_CHUKWUDI035,100
FDO22_CHUKWUDI045,100
FDO22_CHUKWUDI049,100
FDO23_CHUKWUDI017,100
FDO23_CHUKWUDI018,100
FDO23_CHUKWUDI019,100
FDO23_CHUKWUDI027,100
FDO23_CHUKWUDI035,100
FDO23_CHUKWUDI045,100
FDO25_CHUKWUDI010,100
FDO25_CHUKWUDI046,100
FDO27_CHUKWUDI018,100
FDO27_CHUKWUDI027,100
FDO27_CHUKWUDI045,100
FDO28_CHUKWUDI027,100
FDO28_CHUKWUDI035,100
FDO31_CHUKWUDI017,100
FDO31_CHUKWUDI018,100
FDO31_CHUKWUDI027,100
FDO31_CHUKWUDI046,100
FDO32_CHUKWUDI017,100
FDO32_CHUKWUDI018,100
FDO32_CHUKWUDI027,100
FDO32_CHUKWUDI035,100
FDO32_CHUKWUDI045,100
FDO32_CHUKWUDI046,100
FDO32_CHUKWUDI049,100
FDO36_CHUKWUDI013,100
FDO37_CHUKWUDI010,100
FDO37_CHUKWUDI013,100
FDO37_CHUKWUDI018,100
FDO37_CHUKWUDI049,100
FDO38_CHUKWUDI017,100
FDO38_CHUKWUDI018,100
FDO38_CHUKWUDI027,100
FDO38_CHUKWUDI045,100
FDO38_CHUKWUDI049,100
FDO39_CHUKWUDI013,100
FDO44_CHUKWUDI027,100
FDO44_CHUKWUDI035,100
FDO44_CHUKWUDI045,100
FDO45_CHUKWUDI017,100
FDO45_CHUKWUDI018,100
FDO45_CHUKWUDI027,100
FDO45_CHUKWUDI045,100
FDO45_CHUKWUDI046,100
FDO46_CHUKWUDI013,100
FDO48_CHUKWUDI013,100
FDO48_CHUKWUDI018,100
FDO48_CHUKWUDI046,100
FDO49_CHUKWUDI019,100
FDO49_CHUKWUDI027,100
FDO49_CHUKWUDI046,100
FDO49_CHUKWUDI049,100
FDO50_CHUKWUDI017,100
FDO50_CHUKWUDI018,100
FDO50_CHUKWUDI027,100
FDO50_CHUKWUDI046,100
FDO51_CHUKWUDI018,100
FDO51_CHUKWUDI027,100
FDO52_CHUKWUDI013,100
FDO56_CHUKWUDI035,100
FDO56_CHUKWUDI045,100
FDO60_CHUKWUDI017,100
FDO60_CHUKWUDI018,100
FDO60_CHUKWUDI027,100
FDO60_CHUKWUDI035,100
FDO60_CHUKWUDI046,100
FDP03_CHUKWUDI035,100
FDP03_CHUKWUDI045,100
FDP04_CHUKWUDI018,100
FDP04_CHUKWUDI027,100
FDP04_CHUKWUDI045,100
FDP04_CHUKWUDI046,100
FDP04_CHUKWUDI049,100
FDP07_CHUKWUDI013,100
FDP07_CHUKWUDI046,100
FDP08_CHUKWUDI013,100
FDP10_CHUKWUDI017,100
FDP10_CHUKWUDI027,100
FDP10_CHUKWUDI035,100
FDP10_CHUKWUDI045,100
FDP11_CHUKWUDI010,100
FDP11_CHUKWUDI013,100
FDP11_CHUKWUDI046,100
FDP12_CHUKWUDI017,100
FDP12_CHUKWUDI035,100
FDP12_CHUKWUDI045,100
FDP12_CHUKWUDI046,100
FDP12_CHUKWUDI049,100
FDP13_CHUKWUDI018,100
FDP13_CHUKWUDI019,100
FDP13_CHUKWUDI027,100
FDP13_CHUKWUDI049,100
FDP15_CHUKWUDI010,100
FDP16_CHUKWUDI010,100
FDP16_CHUKWUDI018,100
FDP16_CHUKWUDI046,100
FDP16_CHUKWUDI049,100
FDP19_CHUKWUDI045,100
FDP20_CHUKWUDI045,100
FDP22_CHUKWUDI017,100
FDP22_CHUKWUDI018,100
FDP22_CHUKWUDI027,100
FDP22_CHUKWUDI035,100
FDP22_CHUKWUDI045,100
FDP22_CHUKWUDI049,100
FDP23_CHUKWUDI013,100
FDP23_CHUKWUDI018,100
FDP24_CHUKWUDI027,100
FDP24_CHUKWUDI045,100
FDP25_CHUKWUDI010,100
FDP25_CHUKWUDI018,100
FDP25_CHUKWUDI046,100
FDP26_CHUKWUDI017,100
FDP26_CHUKWUDI018,100
FDP26_CHUKWUDI019,100
FDP27_CHUKWUDI010,100
FDP27_CHUKWUDI013,100
FDP28_CHUKWUDI010,100
FDP28_CHUKWUDI013,100
FDP28_CHUKWUDI018,100
FDP28_CHUKWUDI045,100
FDP28_CHUKWUDI046,100
FDP28_CHUKWUDI049,100
FDP31_CHUKWUDI017,100
FDP31_CHUKWUDI018,100
FDP31_CHUKWUDI027,100
FDP31_CHUKWUDI035,100
FDP31_CHUKWUDI046,100
FDP33_CHUKWUDI013,100
FDP33_CHUKWUDI018,100
FDP33_CHUKWUDI046,100
FDP36_CHUKWUDI017,100
FDP36_CHUKWUDI018,100
FDP37_CHUKWUDI045,100
FDP38_CHUKWUDI017,100
FDP38_CHUKWUDI027,100
FDP38_CHUKWUDI049,100
FDP39_CHUKWUDI017,100
FDP39_CHUKWUDI018,100
FDP39_CHUKWUDI019,100
FDP39_CHUKWUDI027,100
FDP39_CHUKWUDI045,100
FDP39_CHUKWUDI049,100
FDP40_CHUKWUDI019,100
FDP40_CHUKWUDI035,100
FDP44_CHUKWUDI035,100
FDP44_CHUKWUDI045,100
FDP45_CHUKWUDI046,100
FDP45_CHUKWUDI049,100
FDP46_CHUKWUDI019,100
FDP46_CHUKWUDI035,100
FDP46_CHUKWUDI046,100
FDP49_CHUKWUDI018,100
FDP49_CHUKWUDI019,100
FDP49_CHUKWUDI027,100
FDP49_CHUKWUDI045,100
FDP49_CHUKWUDI046,100
FDP49_CHUKWUDI049,100
FDP52_CHUKWUDI018,100
FDP52_CHUKWUDI046,100
FDP56_CHUKWUDI017,100
FDP56_CHUKWUDI018,100
FDP56_CHUKWUDI027,100
FDP56_CHUKWUDI045,100
FDP56_CHUKWUDI049,100
FDP57_CHUKWUDI017,100
FDP57_CHUKWUDI035,100
FDP57_CHUKWUDI045,100
FDP58_CHUKWUDI018,100
FDP59_CHUKWUDI027,100
FDP59_CHUKWUDI045,100
FDP60_CHUKWUDI017,100
FDP60_CHUKWUDI027,100
FDP60_CHUKWUDI035,100
FDP60_CHUKWUDI045,100
FDQ01_CHUKWUDI018,100
FDQ01_CHUKWUDI049,100
FDQ03_CHUKWUDI013,100
FDQ03_CHUKWUDI049,100
FDQ04_CHUKWUDI019,100
FDQ04_CHUKWUDI049,100
FDQ07_CHUKWUDI018,100
FDQ07_CHUKWUDI046,100
FDQ08_CHUKWUDI017,100
FDQ08_CHUKWUDI019,100
FDQ08_CHUKWUDI027,100
FDQ08_CHUKWUDI035,100
FDQ08_CHUKWUDI045,100
FDQ08_CHUKWUDI046,100
FDQ09_CHUKWUDI027,100
FDQ09_CHUKWUDI035,100
FDQ09_CHUKWUDI045,100
FDQ10_CHUKWUDI013,100
FDQ11_CHUKWUDI018,100
FDQ11_CHUKWUDI046,100
FDQ12_CHUKWUDI046,100
FDQ13_CHUKWUDI019,100
FDQ13_CHUKWUDI027,100
FDQ13_CHUKWUDI035,100
FDQ13_CHUKWUDI045,100
FDQ13_CHUKWUDI049,100
FDQ15_CHUKWUDI027,100
FDQ15_CHUKWUDI035,100
FDQ15_CHUKWUDI046,100
FDQ15_CHUKWUDI049,100
FDQ16_CHUKWUDI017,100
FDQ16_CHUKWUDI035,100
FDQ16_CHUKWUDI045,100
FDQ19_CHUKWUDI010,100
FDQ19_CHUKWUDI013,100
FDQ20_CHUKWUDI017,100
FDQ20_CHUKWUDI027,100
FDQ20_CHUKWUDI035,100
FDQ20_CHUKWUDI045,100
FDQ21_CHUKWUDI045,100
FDQ22_CHUKWUDI027,100
FDQ22_CHUKWUDI045,100
FDQ22_CHUKWUDI049,100
FDQ23_CHUKWUDI017,100
FDQ23_CHUKWUDI019,100
FDQ23_CHUKWUDI027,100
FDQ23_CHUKWUDI035,100
FDQ24_CHUKWUDI013,100
FDQ24_CHUKWUDI018,100
FDQ26_CHUKWUDI017,100
FDQ26_CHUKWUDI018,100
FDQ26_CHUKWUDI027,100
FDQ26_CHUKWUDI035,100
FDQ26_CHUKWUDI045,100
FDQ26_CHUKWUDI046,100
FDQ26_CHUKWUDI049,100
FDQ27_CHUKWUDI019,100
FDQ31_CHUKWUDI018,100
FDQ31_CHUKWUDI027,100
FDQ31_CHUKWUDI035,100
FDQ31_CHUKWUDI049,100
FDQ32_CHUKWUDI027,100
FDQ32_CHUKWUDI035,100
FDQ34_CHUKWUDI017,100
FDQ34_CHUKWUDI019,100
FDQ34_CHUKWUDI035,100
FDQ34_CHUKWUDI045,100
FDQ36_CHUKWUDI017,100
FDQ36_CHUKWUDI018,100
FDQ36_CHUKWUDI019,100
FDQ36_CHUKWUDI035,100
FDQ36_CHUKWUDI045,100
FDQ36_CHUKWUDI046,100
FDQ36_CHUKWUDI049,100
FDQ37_CHUKWUDI010,100
FDQ37_CHUKWUDI013,100
FDQ39_CHUKWUDI010,100
FDQ39_CHUKWUDI013,100
FDQ40_CHUKWUDI013,100
FDQ44_CHUKWUDI035,100
FDQ45_CHUKWUDI010,100
FDQ45_CHUKWUDI013,100
FDQ46_CHUKWUDI035,100
FDQ46_CHUKWUDI045,100
FDQ47_CHUKWUDI017,100
FDQ47_CHUKWUDI018,100
FDQ47_CHUKWUDI035,100
FDQ47_CHUKWUDI045,100
FDQ48_CHUKWUDI017,100
FDQ48_CHUKWUDI018,100
FDQ48_CHUKWUDI027,100
FDQ48_CHUKWUDI035,100
FDQ51_CHUKWUDI017,100
FDQ51_CHUKWUDI027,100
FDQ51_CHUKWUDI035,100
FDQ52_CHUKWUDI013,100
FDQ52_CHUKWUDI018,100
FDQ52_CHUKWUDI049,100
FDQ55_CHUKWUDI027,100
FDQ55_CHUKWUDI035,100
FDQ55_CHUKWUDI045,100
FDQ56_CHUKWUDI018,100
FDQ56_CHUKWUDI027,100
FDQ56_CHUKWUDI035,100
FDQ56_CHUKWUDI046,100
FDQ56_CHUKWUDI049,100
FDQ59_CHUKWUDI027,100
FDQ59_CHUKWUDI035,100
FDQ59_CHUKWUDI045,100
FDQ59_CHUKWUDI046,100
FDR01_CHUKWUDI013,100
FDR02_CHUKWUDI045,100
FDR04_CHUKWUDI017,100
FDR04_CHUKWUDI018,100
FDR04_CHUKWUDI027,100
FDR04_CHUKWUDI045,100
FDR07_CHUKWUDI018,100
FDR07_CHUKWUDI019,100
FDR07_CHUKWUDI027,100
FDR08_CHUKWUDI017,100
FDR08_CHUKWUDI035,100
FDR08_CHUKWUDI045,100
FDR09_CHUKWUDI010,100
FDR09_CHUKWUDI013,100
FDR09_CHUKWUDI018,100
FDR09_CHUKWUDI049,100
FDR12_CHUKWUDI013,100
FDR14_CHUKWUDI017,100
FDR14_CHUKWUDI019,100
FDR14_CHUKWUDI027,100
FDR14_CHUKWUDI046,100
FDR20_CHUKWUDI017,100
FDR20_CHUKWUDI018,100
FDR20_CHUKWUDI035,100
FDR20_CHUKWUDI045,100
FDR20_CHUKWUDI049,100
FDR21_CHUKWUDI013,100
FDR22_CHUKWUDI027,100
FDR22_CHUKWUDI045,100
FDR23_CHUKWUDI013,100
FDR24_CHUKWUDI017,100
FDR24_CHUKWUDI027,100
FDR24_CHUKWUDI035,100
FDR24_CHUKWUDI045,100
FDR25_CHUKWUDI018,100
FDR25_CHUKWUDI027,100
FDR25_CHUKWUDI045,100
FDR25_CHUKWUDI046,100
FDR26_CHUKWUDI010,100
FDR26_CHUKWUDI013,100
FDR27_CHUKWUDI027,100
FDR32_CHUKWUDI013,100
FDR32_CHUKWUDI046,100
FDR33_CHUKWUDI017,100
FDR33_CHUKWUDI019,100
FDR33_CHUKWUDI035,100
FDR33_CHUKWUDI045,100
FDR34_CHUKWUDI018,100
FDR34_CHUKWUDI046,100
FDR34_CHUKWUDI049,100
FDR35_CHUKWUDI013,100
FDR35_CHUKWUDI046,100
FDR36_CHUKWUDI017,100
FDR36_CHUKWUDI035,100
FDR36_CHUKWUDI045,100
FDR37_CHUKWUDI010,100
FDR37_CHUKWUDI013,100
FDR40_CHUKWUDI027,100
FDR40_CHUKWUDI049,100
FDR43_CHUKWUDI018,100
FDR43_CHUKWUDI027,100
FDR43_CHUKWUDI035,100
FDR43_CHUKWUDI045,100
FDR43_CHUKWUDI046,100
FDR43_CHUKWUDI049,100
FDR44_CHUKWUDI027,100
FDR45_CHUKWUDI049,100
FDR47_CHUKWUDI010,100
FDR49_CHUKWUDI018,100
FDR49_CHUKWUDI035,100
FDR49_CHUKWUDI046,100
FDR52_CHUKWUDI010,100
FDR52_CHUKWUDI013,100
FDR55_CHUKWUDI013,100
FDR58_CHUKWUDI018,100
FDR58_CHUKWUDI027,100
FDR58_CHUKWUDI035,100
FDR58_CHUKWUDI045,100
FDR59_CHUKWUDI010,100
FDR59_CHUKWUDI013,100
FDR59_CHUKWUDI027,100
FDR59_CHUKWUDI035,100
FDR59_CHUKWUDI046,100
FDR59_CHUKWUDI049,100
FDR60_CHUKWUDI017,100
FDR60_CHUKWUDI018,100
FDR60_CHUKWUDI027,100
FDR60_CHUKWUDI035,100
FDR60_CHUKWUDI046,100
FDS02_CHUKWUDI046,100
FDS03_CHUKWUDI018,100
FDS03_CHUKWUDI019,100
FDS03_CHUKWUDI027,100
FDS03_CHUKWUDI035,100
FDS03_CHUKWUDI046,100
FDS09_CHUKWUDI017,100
FDS09_CHUKWUDI019,100
FDS09_CHUKWUDI027,100
FDS09_CHUKWUDI045,100
FDS10_CHUKWUDI010,100
FDS11_CHUKWUDI046,100
FDS12_CHUKWUDI035,100
FDS13_CHUKWUDI010,100
FDS13_CHUKWUDI013,100
FDS13_CHUKWUDI018,100
FDS13_CHUKWUDI019,100
FDS13_CHUKWUDI045,100
FDS13_CHUKWUDI046,100
FDS15_CHUKWUDI017,100
FDS15_CHUKWUDI045,100
FDS19_CHUKWUDI017,100
FDS19_CHUKWUDI035,100
FDS19_CHUKWUDI045,100
FDS19_CHUKWUDI046,100
FDS19_CHUKWUDI049,100
FDS20_CHUKWUDI013,100
FDS21_CHUKWUDI018,100
FDS21_CHUKWUDI019,100
FDS21_CHUKWUDI049,100
FDS22_CHUKWUDI045,100
FDS22_CHUKWUDI046,100
FDS23_CHUKWUDI045,100
FDS24_CHUKWUDI018,100
FDS24_CHUKWUDI035,100
FDS24_CHUKWUDI045,100
FDS24_CHUKWUDI046,100
FDS24_CHUKWUDI049,100
FDS25_CHUKWUDI017,100
FDS25_CHUKWUDI027,100
FDS25_CHUKWUDI045,100
FDS26_CHUKWUDI010,100
FDS26_CHUKWUDI013,100
FDS26_CHUKWUDI049,100
FDS27_CHUKWUDI013,100
FDS27_CHUKWUDI046,100
FDS28_CHUKWUDI017,100
FDS28_CHUKWUDI018,100
FDS28_CHUKWUDI027,100
FDS28_CHUKWUDI035,100
FDS28_CHUKWUDI045,100
FDS28_CHUKWUDI049,100
FDS31_CHUKWUDI013,100
FDS32_CHUKWUDI027,100
FDS33_CHUKWUDI017,100
FDS33_CHUKWUDI018,100
FDS33_CHUKWUDI019,100
FDS33_CHUKWUDI027,100
FDS33_CHUKWUDI045,100
FDS33_CHUKWUDI046,100
FDS34_CHUKWUDI027,100
FDS34_CHUKWUDI035,100
FDS34_CHUKWUDI045,100
FDS35_CHUKWUDI017,100
FDS35_CHUKWUDI018,100
FDS35_CHUKWUDI027,100
FDS35_CHUKWUDI045,100
FDS35_CHUKWUDI046,100
FDS36_CHUKWUDI017,100
FDS36_CHUKWUDI035,100
FDS36_CHUKWUDI045,100
FDS37_CHUKWUDI035,100
FDS37_CHUKWUDI045,100
FDS40_CHUKWUDI017,100
FDS40_CHUKWUDI019,100
FDS40_CHUKWUDI027,100
FDS40_CHUKWUDI045,100
FDS40_CHUKWUDI049,100
FDS44_CHUKWUDI018,100
FDS44_CHUKWUDI046,100
FDS44_CHUKWUDI049,100
FDS45_CHUKWUDI017,100
FDS45_CHUKWUDI019,100
FDS45_CHUKWUDI035,100
FDS45_CHUKWUDI045,100
FDS47_CHUKWUDI017,100
FDS47_CHUKWUDI027,100
FDS47_CHUKWUDI035,100
FDS47_CHUKWUDI045,100
FDS47_CHUKWUDI046,100
FDS47_CHUKWUDI049,100
FDS49_CHUKWUDI017,100
FDS49_CHUKWUDI018,100
FDS49_CHUKWUDI035,100
FDS49_CHUKWUDI045,100
FDS50_CHUKWUDI046,100
FDS51_CHUKWUDI027,100
FDS51_CHUKWUDI046,100
FDS51_CHUKWUDI049,100
FDS52_CHUKWUDI017,100
FDS52_CHUKWUDI018,100
FDS52_CHUKWUDI019,100
FDS52_CHUKWUDI027,100
FDS52_CHUKWUDI035,100
FDS52_CHUKWUDI045,100
FDS56_CHUKWUDI010,100
FDS56_CHUKWUDI013,100
FDS56_CHUKWUDI035,100
FDS56_CHUKWUDI046,100
FDS56_CHUKWUDI049,100
FDS57_CHUKWUDI027,100
FDS59_CHUKWUDI027,100
FDS59_CHUKWUDI035,100
FDS59_CHUKWUDI045,100
FDS60_CHUKWUDI013,100
FDT01_CHUKWUDI046,100
FDT02_CHUKWUDI017,100
FDT02_CHUKWUDI018,100
FDT02_CHUKWUDI035,100
FDT02_CHUKWUDI046,100
FDT03_CHUKWUDI010,100
FDT04_CHUKWUDI017,100
FDT04_CHUKWUDI018,100
FDT04_CHUKWUDI035,100
FDT04_CHUKWUDI045,100
FDT07_CHUKWUDI013,100
FDT07_CHUKWUDI018,100
FDT07_CHUKWUDI046,100
FDT07_CHUKWUDI049,100
FDT09_CHUKWUDI027,100
FDT10_CHUKWUDI017,100
FDT10_CHUKWUDI018,100
FDT10_CHUKWUDI045,100
FDT10_CHUKWUDI046,100
FDT11_CHUKWUDI010,100
FDT12_CHUKWUDI010,100
FDT12_CHUKWUDI013,100
FDT12_CHUKWUDI018,100
FDT12_CHUKWUDI046,100
FDT13_CHUKWUDI010,100
FDT14_CHUKWUDI027,100
FDT14_CHUKWUDI035,100
FDT15_CHUKWUDI010,100
FDT16_CHUKWUDI018,100
FDT16_CHUKWUDI046,100
FDT16_CHUKWUDI049,100
FDT19_CHUKWUDI013,100
FDT20_CHUKWUDI027,100
FDT20_CHUKWUDI035,100
FDT20_CHUKWUDI045,100
FDT20_CHUKWUDI046,100
FDT20_CHUKWUDI049,100
FDT21_CHUKWUDI013,100
FDT21_CHUKWUDI018,100
FDT21_CHUKWUDI046,100
FDT21_CHUKWUDI049,100
FDT22_CHUKWUDI018,100
FDT22_CHUKWUDI027,100
FDT22_CHUKWUDI035,100
FDT22_CHUKWUDI045,100
FDT22_CHUKWUDI049,100
FDT23_CHUKWUDI018,100
FDT23_CHUKWUDI045,100
FDT23_CHUKWUDI046,100
FDT23_CHUKWUDI049,100
FDT24_CHUKWUDI018,100
FDT24_CHUKWUDI027,100
FDT24_CHUKWUDI035,100
FDT24_CHUKWUDI045,100
FDT24_CHUKWUDI046,100
FDT24_CHUKWUDI049,100
FDT25_CHUKWUDI035,100
FDT25_CHUKWUDI045,100
FDT26_CHUKWUDI027,100
FDT26_CHUKWUDI035,100
FDT26_CHUKWUDI045,100
FDT27_CHUKWUDI013,100
FDT27_CHUKWUDI046,100
FDT31_CHUKWUDI013,100
FDT32_CHUKWUDI010,100
FDT34_CHUKWUDI017,100
FDT34_CHUKWUDI035,100
FDT34_CHUKWUDI045,100
FDT36_CHUKWUDI018,100
FDT36_CHUKWUDI027,100
FDT36_CHUKWUDI045,100
FDT36_CHUKWUDI046,100
FDT37_CHUKWUDI013,100
FDT38_CHUKWUDI018,100
FDT38_CHUKWUDI045,100
FDT38_CHUKWUDI049,100
FDT40_CHUKWUDI027,100
FDT40_CHUKWUDI035,100
FDT40_CHUKWUDI045,100
FDT43_CHUKWUDI017,100
FDT43_CHUKWUDI018,100
FDT43_CHUKWUDI035,100
FDT43_CHUKWUDI045,100
FDT43_CHUKWUDI046,100
FDT43_CHUKWUDI049,100
FDT44_CHUKWUDI045,100
FDT45_CHUKWUDI018,100
FDT45_CHUKWUDI035,100
FDT45_CHUKWUDI046,100
FDT46_CHUKWUDI017,100
FDT46_CHUKWUDI018,100
FDT46_CHUKWUDI019,100
FDT46_CHUKWUDI027,100
FDT46_CHUKWUDI035,100
FDT46_CHUKWUDI045,100
FDT47_CHUKWUDI027,100
FDT47_CHUKWUDI045,100
FDT48_CHUKWUDI013,100
FDT48_CHUKWUDI046,100
FDT49_CHUKWUDI017,100
FDT49_CHUKWUDI027,100
FDT49_CHUKWUDI035,100
FDT49_CHUKWUDI045,100
FDT50_CHUKWUDI018,100
FDT50_CHUKWUDI027,100
FDT50_CHUKWUDI035,100
FDT50_CHUKWUDI045,100
FDT51_CHUKWUDI019,100
FDT52_CHUKWUDI018,100
FDT52_CHUKWUDI046,100
FDT52_CHUKWUDI049,100
FDT56_CHUKWUDI018,100
FDT56_CHUKWUDI027,100
FDT56_CHUKWUDI035,100
FDT56_CHUKWUDI045,100
FDT57_CHUKWUDI010,100
FDT57_CHUKWUDI013,100
FDT57_CHUKWUDI049,100
FDT59_CHUKWUDI018,100
FDT59_CHUKWUDI049,100
FDT60_CHUKWUDI045,100
FDU02_CHUKWUDI013,100
FDU02_CHUKWUDI046,100
FDU02_CHUKWUDI049,100
FDU04_CHUKWUDI035,100
FDU08_CHUKWUDI018,100
FDU08_CHUKWUDI027,100
FDU08_CHUKWUDI035,100
FDU09_CHUKWUDI027,100
FDU09_CHUKWUDI049,100
FDU10_CHUKWUDI017,100
FDU10_CHUKWUDI018,100
FDU10_CHUKWUDI049,100
FDU11_CHUKWUDI027,100
FDU11_CHUKWUDI035,100
FDU11_CHUKWUDI045,100
FDU12_CHUKWUDI010,100
FDU12_CHUKWUDI013,100
FDU12_CHUKWUDI018,100
FDU12_CHUKWUDI027,100
FDU12_CHUKWUDI035,100
FDU12_CHUKWUDI045,100
FDU12_CHUKWUDI046,100
FDU12_CHUKWUDI049,100
FDU14_CHUKWUDI010,100
FDU14_CHUKWUDI046,100
FDU15_CHUKWUDI017,100
FDU15_CHUKWUDI045,100
FDU15_CHUKWUDI046,100
FDU15_CHUKWUDI049,100
FDU16_CHUKWUDI045,100
FDU16_CHUKWUDI049,100
FDU19_CHUKWUDI013,100
FDU20_CHUKWUDI027,100
FDU20_CHUKWUDI035,100
FDU20_CHUKWUDI045,100
FDU21_CHUKWUDI017,100
FDU21_CHUKWUDI019,100
FDU21_CHUKWUDI027,100
FDU21_CHUKWUDI035,100
FDU21_CHUKWUDI045,100
FDU21_CHUKWUDI049,100
FDU22_CHUKWUDI035,100
FDU24_CHUKWUDI017,100
FDU24_CHUKWUDI019,100
FDU24_CHUKWUDI027,100
FDU25_CHUKWUDI017,100
FDU25_CHUKWUDI018,100
FDU25_CHUKWUDI027,100
FDU25_CHUKWUDI035,100
FDU25_CHUKWUDI045,100
FDU25_CHUKWUDI046,100
FDU25_CHUKWUDI049,100
FDU26_CHUKWUDI027,100
FDU26_CHUKWUDI035,100
FDU27_CHUKWUDI017,100
FDU27_CHUKWUDI027,100
FDU27_CHUKWUDI049,100
FDU31_CHUKWUDI046,100
FDU32_CHUKWUDI027,100
FDU32_CHUKWUDI035,100
FDU33_CHUKWUDI018,100
FDU33_CHUKWUDI019,100
FDU33_CHUKWUDI027,100
FDU33_CHUKWUDI035,100
FDU33_CHUKWUDI049,100
FDU34_CHUKWUDI027,100
FDU34_CHUKWUDI045,100
FDU35_CHUKWUDI027,100
FDU35_CHUKWUDI045,100
FDU36_CHUKWUDI018,100
FDU36_CHUKWUDI019,100
FDU36_CHUKWUDI027,100
FDU36_CHUKWUDI035,100
FDU37_CHUKWUDI018,100
FDU37_CHUKWUDI027,100
FDU37_CHUKWUDI035,100
FDU37_CHUKWUDI046,100
FDU38_CHUKWUDI010,100
FDU38_CHUKWUDI013,100
FDU39_CHUKWUDI017,100
FDU39_CHUKWUDI018,100
FDU39_CHUKWUDI027,100
FDU39_CHUKWUDI035,100
FDU39_CHUKWUDI045,100
FDU39_CHUKWUDI046,100
FDU40_CHUKWUDI010,100
FDU40_CHUKWUDI013,100
FDU43_CHUKWUDI013,100
FDU45_CHUKWUDI027,100
FDU46_CHUKWUDI017,100
FDU46_CHUKWUDI027,100
FDU46_CHUKWUDI045,100
FDU46_CHUKWUDI046,100
FDU46_CHUKWUDI049,100
FDU49_CHUKWUDI018,100
FDU49_CHUKWUDI035,100
FDU49_CHUKWUDI045,100
FDU49_CHUKWUDI049,100
FDU50_CHUKWUDI027,100
FDU50_CHUKWUDI045,100
FDU51_CHUKWUDI013,100
FDU55_CHUKWUDI018,100
FDU55_CHUKWUDI049,100
FDU56_CHUKWUDI013,100
FDU58_CHUKWUDI010,100
FDV02_CHUKWUDI013,100
FDV07_CHUKWUDI017,100
FDV07_CHUKWUDI027,100
FDV07_CHUKWUDI045,100
FDV08_CHUKWUDI018,100
FDV08_CHUKWUDI027,100
FDV08_CHUKWUDI045,100
FDV10_CHUKWUDI017,100
FDV10_CHUKWUDI019,100
FDV10_CHUKWUDI035,100
FDV10_CHUKWUDI045,100
FDV10_CHUKWUDI046,100
FDV12_CHUKWUDI017,100
FDV12_CHUKWUDI018,100
FDV12_CHUKWUDI035,100
FDV13_CHUKWUDI018,100
FDV13_CHUKWUDI027,100
FDV13_CHUKWUDI049,100
FDV14_CHUKWUDI035,100
FDV14_CHUKWUDI049,100
FDV15_CHUKWUDI017,100
FDV15_CHUKWUDI018,100
FDV15_CHUKWUDI019,100
FDV15_CHUKWUDI027,100
FDV16_CHUKWUDI017,100
FDV16_CHUKWUDI018,100
FDV16_CHUKWUDI019,100
FDV16_CHUKWUDI035,100
FDV16_CHUKWUDI046,100
FDV16_CHUKWUDI049,100
FDV20_CHUKWUDI027,100
FDV21_CHUKWUDI027,100
FDV23_CHUKWUDI027,100
FDV23_CHUKWUDI035,100
FDV23_CHUKWUDI045,100
FDV25_CHUKWUDI013,100
FDV25_CHUKWUDI018,100
FDV26_CHUKWUDI013,100
FDV26_CHUKWUDI046,100
FDV27_CHUKWUDI017,100
FDV27_CHUKWUDI019,100
FDV27_CHUKWUDI045,100
FDV28_CHUKWUDI017,100
FDV28_CHUKWUDI018,100
FDV28_CHUKWUDI027,100
FDV28_CHUKWUDI035,100
FDV28_CHUKWUDI046,100
FDV31_CHUKWUDI010,100
FDV32_CHUKWUDI017,100
FDV32_CHUKWUDI018,100
FDV32_CHUKWUDI019,100
FDV32_CHUKWUDI035,100
FDV32_CHUKWUDI045,100
FDV32_CHUKWUDI049,100
FDV33_CHUKWUDI018,100
FDV33_CHUKWUDI046,100
FDV33_CHUKWUDI049,100
FDV34_CHUKWUDI018,100
FDV34_CHUKWUDI045,100
FDV34_CHUKWUDI049,100
FDV36_CHUKWUDI027,100
FDV36_CHUKWUDI045,100
FDV37_CHUKWUDI010,100
FDV37_CHUKWUDI013,100
FDV38_CHUKWUDI017,100
FDV38_CHUKWUDI018,100
FDV38_CHUKWUDI019,100
FDV38_CHUKWUDI027,100
FDV38_CHUKWUDI035,100
FDV38_CHUKWUDI045,100
FDV38_CHUKWUDI049,100
FDV39_CHUKWUDI013,100
FDV39_CHUKWUDI046,100
FDV40_CHUKWUDI017,100
FDV40_CHUKWUDI035,100
FDV40_CHUKWUDI045,100
FDV40_CHUKWUDI046,100
FDV43_CHUKWUDI017,100
FDV43_CHUKWUDI027,100
FDV43_CHUKWUDI049,100
FDV44_CHUKWUDI013,100
FDV45_CHUKWUDI013,100
FDV47_CHUKWUDI017,100
FDV47_CHUKWUDI018,100
FDV47_CHUKWUDI019,100
FDV47_CHUKWUDI035,100
FDV47_CHUKWUDI049,100
FDV48_CHUKWUDI017,100
FDV48_CHUKWUDI018,100
FDV48_CHUKWUDI027,100
FDV48_CHUKWUDI049,100
FDV49_CHUKWUDI018,100
FDV49_CHUKWUDI027,100
FDV49_CHUKWUDI035,100
FDV49_CHUKWUDI045,100
FDV49_CHUKWUDI046,100
FDV49_CHUKWUDI049,100
FDV52_CHUKWUDI045,100
FDV56_CHUKWUDI027,100
FDV56_CHUKWUDI045,100
FDV57_CHUKWUDI013,100
FDV59_CHUKWUDI010,100
FDV59_CHUKWUDI018,100
FDV59_CHUKWUDI046,100
FDV60_CHUKWUDI010,100
FDV60_CHUKWUDI013,100
FDW02_CHUKWUDI027,100
FDW02_CHUKWUDI045,100
FDW03_CHUKWUDI035,100
FDW04_CHUKWUDI027,100
FDW07_CHUKWUDI017,100
FDW07_CHUKWUDI027,100
FDW07_CHUKWUDI045,100
FDW07_CHUKWUDI046,100
FDW08_CHUKWUDI027,100
FDW09_CHUKWUDI017,100
FDW09_CHUKWUDI027,100
FDW09_CHUKWUDI045,100
FDW09_CHUKWUDI046,100
FDW09_CHUKWUDI049,100
FDW11_CHUKWUDI017,100
FDW11_CHUKWUDI018,100
FDW11_CHUKWUDI027,100
FDW11_CHUKWUDI049,100
FDW13_CHUKWUDI017,100
FDW13_CHUKWUDI018,100
FDW13_CHUKWUDI019,100
FDW13_CHUKWUDI027,100
FDW13_CHUKWUDI035,100
FDW13_CHUKWUDI045,100
FDW13_CHUKWUDI046,100
FDW13_CHUKWUDI049,100
FDW14_CHUKWUDI018,100
FDW14_CHUKWUDI035,100
FDW14_CHUKWUDI046,100
FDW16_CHUKWUDI027,100
FDW19_CHUKWUDI017,100
FDW19_CHUKWUDI027,100
FDW19_CHUKWUDI045,100
FDW20_CHUKWUDI027,100
FDW20_CHUKWUDI035,100
FDW21_CHUKWUDI017,100
FDW21_CHUKWUDI027,100
FDW21_CHUKWUDI035,100
FDW22_CHUKWUDI018,100
FDW23_CHUKWUDI019,100
FDW23_CHUKWUDI035,100
FDW23_CHUKWUDI045,100
FDW23_CHUKWUDI046,100
FDW23_CHUKWUDI049,100
FDW24_CHUKWUDI019,100
FDW24_CHUKWUDI027,100
FDW24_CHUKWUDI035,100
FDW24_CHUKWUDI045,100
FDW24_CHUKWUDI046,100
FDW24_CHUKWUDI049,100
FDW25_CHUKWUDI027,100
FDW25_CHUKWUDI035,100
FDW25_CHUKWUDI046,100
FDW25_CHUKWUDI049,100
FDW26_CHUKWUDI010,100
FDW26_CHUKWUDI013,100
FDW26_CHUKWUDI046,100
FDW28_CHUKWUDI010,100
FDW28_CHUKWUDI013,100
FDW28_CHUKWUDI046,100
FDW31_CHUKWUDI013,100
FDW32_CHUKWUDI018,100
FDW32_CHUKWUDI019,100
FDW32_CHUKWUDI035,100
FDW32_CHUKWUDI045,100
FDW32_CHUKWUDI046,100
FDW33_CHUKWUDI017,100
FDW33_CHUKWUDI035,100
FDW34_CHUKWUDI013,100
FDW34_CHUKWUDI046,100
FDW35_CHUKWUDI017,100
FDW35_CHUKWUDI018,100
FDW35_CHUKWUDI019,100
FDW35_CHUKWUDI035,100
FDW35_CHUKWUDI045,100
FDW35_CHUKWUDI049,100
FDW36_CHUKWUDI019,100
FDW36_CHUKWUDI027,100
FDW36_CHUKWUDI035,100
FDW37_CHUKWUDI017,100
FDW37_CHUKWUDI027,100
FDW37_CHUKWUDI045,100
FDW38_CHUKWUDI017,100
FDW38_CHUKWUDI018,100
FDW38_CHUKWUDI019,100
FDW38_CHUKWUDI027,100
FDW38_CHUKWUDI035,100
FDW38_CHUKWUDI046,100
FDW43_CHUKWUDI013,100
FDW43_CHUKWUDI046,100
FDW44_CHUKWUDI013,100
FDW46_CHUKWUDI017,100
FDW46_CHUKWUDI018,100
FDW46_CHUKWUDI019,100
FDW46_CHUKWUDI035,100
FDW46_CHUKWUDI045,100
FDW47_CHUKWUDI045,100
FDW48_CHUKWUDI017,100
FDW48_CHUKWUDI018,100
FDW48_CHUKWUDI019,100
FDW48_CHUKWUDI027,100
FDW48_CHUKWUDI035,100
FDW48_CHUKWUDI045,100
FDW48_CHUKWUDI049,100
FDW49_CHUKWUDI013,100
FDW51_CHUKWUDI010,100
FDW51_CHUKWUDI046,100
FDW55_CHUKWUDI010,100
FDW55_CHUKWUDI013,100
FDW55_CHUKWUDI046,100
FDW56_CHUKWUDI010,100
FDW58_CHUKWUDI035,100
FDW59_CHUKWUDI017,100
FDW59_CHUKWUDI019,100
FDW59_CHUKWUDI035,100
FDW59_CHUKWUDI045,100
FDW59_CHUKWUDI046,100
FDW60_CHUKWUDI013,100
FDX01_CHUKWUDI027,100
FDX01_CHUKWUDI035,100
FDX01_CHUKWUDI045,100
FDX02_CHUKWUDI013,100
FDX02_CHUKWUDI018,100
FDX02_CHUKWUDI046,100
FDX03_CHUKWUDI019,100
FDX03_CHUKWUDI027,100
FDX03_CHUKWUDI045,100
FDX03_CHUKWUDI049,100
FDX04_CHUKWUDI017,100
FDX04_CHUKWUDI018,100
FDX04_CHUKWUDI019,100
FDX04_CHUKWUDI027,100
FDX04_CHUKWUDI035,100
FDX04_CHUKWUDI045,100
FDX04_CHUKWUDI046,100
FDX04_CHUKWUDI049,100
FDX07_CHUKWUDI010,100
FDX09_CHUKWUDI013,100
FDX10_CHUKWUDI017,100
FDX10_CHUKWUDI027,100
FDX10_CHUKWUDI045,100
FDX10_CHUKWUDI046,100
FDX11_CHUKWUDI013,100
FDX12_CHUKWUDI010,100
FDX12_CHUKWUDI046,100
FDX13_CHUKWUDI013,100
FDX13_CHUKWUDI018,100
FDX13_CHUKWUDI046,100
FDX14_CHUKWUDI017,100
FDX14_CHUKWUDI019,100
FDX14_CHUKWUDI046,100
FDX14_CHUKWUDI049,100
FDX19_CHUKWUDI013,100
FDX19_CHUKWUDI018,100
FDX19_CHUKWUDI046,100
FDX19_CHUKWUDI049,100
FDX20_CHUKWUDI013,100
FDX20_CHUKWUDI018,100
FDX20_CHUKWUDI046,100
FDX21_CHUKWUDI019,100
FDX21_CHUKWUDI027,100
FDX21_CHUKWUDI035,100
FDX21_CHUKWUDI045,100
FDX22_CHUKWUDI046,100
FDX23_CHUKWUDI017,100
FDX23_CHUKWUDI018,100
FDX23_CHUKWUDI035,100
FDX24_CHUKWUDI019,100
FDX24_CHUKWUDI027,100
FDX24_CHUKWUDI035,100
FDX24_CHUKWUDI045,100
FDX26_CHUKWUDI010,100
FDX26_CHUKWUDI013,100
FDX27_CHUKWUDI018,100
FDX28_CHUKWUDI018,100
FDX28_CHUKWUDI027,100
FDX28_CHUKWUDI035,100
FDX31_CHUKWUDI010,100
FDX31_CHUKWUDI013,100
FDX31_CHUKWUDI018,100
FDX31_CHUKWUDI046,100
FDX34_CHUKWUDI027,100
FDX34_CHUKWUDI035,100
FDX34_CHUKWUDI045,100
FDX35_CHUKWUDI013,100
FDX35_CHUKWUDI046,100
FDX36_CHUKWUDI013,100
FDX36_CHUKWUDI018,100
FDX36_CHUKWUDI046,100
FDX37_CHUKWUDI017,100
FDX37_CHUKWUDI027,100
FDX37_CHUKWUDI035,100
FDX38_CHUKWUDI018,100
FDX38_CHUKWUDI019,100
FDX38_CHUKWUDI046,100
FDX39_CHUKWUDI010,100
FDX39_CHUKWUDI013,100
FDX39_CHUKWUDI046,100
FDX40_CHUKWUDI017,100
FDX40_CHUKWUDI019,100
FDX40_CHUKWUDI035,100
FDX40_CHUKWUDI045,100
FDX40_CHUKWUDI046,100
FDX44_CHUKWUDI017,100
FDX44_CHUKWUDI018,100
FDX44_CHUKWUDI027,100
FDX44_CHUKWUDI035,100
FDX44_CHUKWUDI049,100
FDX46_CHUKWUDI027,100
FDX46_CHUKWUDI035,100
FDX46_CHUKWUDI045,100
FDX46_CHUKWUDI046,100
FDX46_CHUKWUDI049,100
FDX49_CHUKWUDI013,100
FDX50_CHUKWUDI017,100
FDX50_CHUKWUDI027,100
FDX50_CHUKWUDI035,100
FDX50_CHUKWUDI045,100
FDX51_CHUKWUDI010,100
FDX51_CHUKWUDI046,100
FDX55_CHUKWUDI046,100
FDX56_CHUKWUDI013,100
FDX56_CHUKWUDI046,100
FDX57_CHUKWUDI017,100
FDX57_CHUKWUDI018,100
FDX57_CHUKWUDI027,100
FDX58_CHUKWUDI010,100
FDX58_CHUKWUDI013,100
FDX59_CHUKWUDI018,100
FDX59_CHUKWUDI027,100
FDX59_CHUKWUDI045,100
FDX59_CHUKWUDI046,100
FDX60_CHUKWUDI017,100
FDX60_CHUKWUDI018,100
FDX60_CHUKWUDI027,100
FDX60_CHUKWUDI045,100
FDX60_CHUKWUDI046,100
FDY01_CHUKWUDI035,100
FDY02_CHUKWUDI010,100
FDY02_CHUKWUDI018,100
FDY02_CHUKWUDI027,100
FDY02_CHUKWUDI035,100
FDY02_CHUKWUDI045,100
FDY03_CHUKWUDI017,100
FDY03_CHUKWUDI027,100
FDY03_CHUKWUDI045,100
FDY07_CHUKWUDI017,100
FDY07_CHUKWUDI018,100
FDY07_CHUKWUDI027,100
FDY07_CHUKWUDI045,100
FDY07_CHUKWUDI049,100
FDY08_CHUKWUDI027,100
FDY10_CHUKWUDI027,100
FDY10_CHUKWUDI045,100
FDY11_CHUKWUDI017,100
FDY11_CHUKWUDI018,100
FDY11_CHUKWUDI046,100
FDY11_CHUKWUDI049,100
FDY12_CHUKWUDI017,100
FDY12_CHUKWUDI018,100
FDY12_CHUKWUDI046,100
FDY13_CHUKWUDI017,100
FDY13_CHUKWUDI018,100
FDY13_CHUKWUDI019,100
FDY13_CHUKWUDI035,100
FDY13_CHUKWUDI045,100
FDY13_CHUKWUDI049,100
FDY14_CHUKWUDI013,100
FDY14_CHUKWUDI035,100
FDY14_CHUKWUDI046,100
FDY14_CHUKWUDI049,100
FDY16_CHUKWUDI013,100
FDY19_CHUKWUDI045,100
FDY20_CHUKWUDI017,100
FDY20_CHUKWUDI018,100
FDY20_CHUKWUDI046,100
FDY21_CHUKWUDI010,100
FDY21_CHUKWUDI013,100
FDY21_CHUKWUDI046,100
FDY24_CHUKWUDI018,100
FDY24_CHUKWUDI035,100
FDY24_CHUKWUDI049,100
FDY25_CHUKWUDI013,100
FDY26_CHUKWUDI010,100
FDY26_CHUKWUDI046,100
FDY27_CHUKWUDI013,100
FDY28_CHUKWUDI013,100
FDY35_CHUKWUDI018,100
FDY35_CHUKWUDI019,100
FDY35_CHUKWUDI027,100
FDY35_CHUKWUDI035,100
FDY35_CHUKWUDI045,100
FDY35_CHUKWUDI049,100
FDY36_CHUKWUDI017,100
FDY36_CHUKWUDI019,100
FDY36_CHUKWUDI027,100
FDY36_CHUKWUDI045,100
FDY36_CHUKWUDI046,100
FDY36_CHUKWUDI049,100
FDY38_CHUKWUDI013,100
FDY38_CHUKWUDI049,100
FDY39_CHUKWUDI010,100
FDY40_CHUKWUDI017,100
FDY40_CHUKWUDI018,100
FDY40_CHUKWUDI019,100
FDY40_CHUKWUDI046,100
FDY44_CHUKWUDI046,100
FDY45_CHUKWUDI018,100
FDY45_CHUKWUDI049,100
FDY47_CHUKWUDI027,100
FDY48_CHUKWUDI019,100
FDY48_CHUKWUDI035,100
FDY48_CHUKWUDI045,100
FDY50_CHUKWUDI017,100
FDY50_CHUKWUDI018,100
FDY50_CHUKWUDI027,100
FDY50_CHUKWUDI035,100
FDY50_CHUKWUDI045,100
FDY50_CHUKWUDI046,100
FDY51_CHUKWUDI018,100
FDY51_CHUKWUDI046,100
FDY52_CHUKWUDI017,100
FDY52_CHUKWUDI019,100
FDY52_CHUKWUDI045,100
FDY52_CHUKWUDI046,100
FDY52_CHUKWUDI049,100
FDY55_CHUKWUDI013,100
FDY55_CHUKWUDI018,100
FDY55_CHUKWUDI046,100
FDY55_CHUKWUDI049,100
FDY56_CHUKWUDI010,100
FDY56_CHUKWUDI013,100
FDY56_CHUKWUDI018,100
FDY56_CHUKWUDI046,100
FDY57_CHUKWUDI017,100
FDY57_CHUKWUDI018,100
FDY57_CHUKWUDI035,100
FDY57_CHUKWUDI045,100
FDY58_CHUKWUDI018,100
FDY59_CHUKWUDI018,100
FDY59_CHUKWUDI027,100
FDY59_CHUKWUDI035,100
FDY59_CHUKWUDI045,100
FDZ01_CHUKWUDI027,100
FDZ01_CHUKWUDI035,100
FDZ02_CHUKWUDI017,100
FDZ02_CHUKWUDI027,100
FDZ02_CHUKWUDI045,100
FDZ03_CHUKWUDI010,100
FDZ04_CHUKWUDI017,100
FDZ04_CHUKWUDI045,100
FDZ04_CHUKWUDI046,100
FDZ04_CHUKWUDI049,100
FDZ07_CHUKWUDI018,100
FDZ07_CHUKWUDI019,100
FDZ07_CHUKWUDI027,100
FDZ07_CHUKWUDI049,100
FDZ08_CHUKWUDI017,100
FDZ08_CHUKWUDI027,100
FDZ08_CHUKWUDI035,100
FDZ08_CHUKWUDI045,100
FDZ08_CHUKWUDI049,100
FDZ10_CHUKWUDI027,100
FDZ13_CHUKWUDI017,100
FDZ13_CHUKWUDI018,100
FDZ13_CHUKWUDI045,100
FDZ13_CHUKWUDI046,100
FDZ14_CHUKWUDI027,100
FDZ15_CHUKWUDI027,100
FDZ15_CHUKWUDI035,100
FDZ15_CHUKWUDI045,100
FDZ16_CHUKWUDI010,100
FDZ16_CHUKWUDI013,100
FDZ20_CHUKWUDI010,100
FDZ20_CHUKWUDI013,100
FDZ20_CHUKWUDI046,100
FDZ20_CHUKWUDI049,100
FDZ21_CHUKWUDI017,100
FDZ21_CHUKWUDI018,100
FDZ21_CHUKWUDI027,100
FDZ21_CHUKWUDI035,100
FDZ22_CHUKWUDI017,100
FDZ22_CHUKWUDI019,100
FDZ22_CHUKWUDI027,100
FDZ22_CHUKWUDI045,100
FDZ22_CHUKWUDI049,100
FDZ23_CHUKWUDI010,100
FDZ23_CHUKWUDI013,100
FDZ25_CHUKWUDI013,100
FDZ26_CHUKWUDI010,100
FDZ26_CHUKWUDI013,100
FDZ26_CHUKWUDI018,100
FDZ26_CHUKWUDI046,100
FDZ26_CHUKWUDI049,100
FDZ27_CHUKWUDI017,100
FDZ27_CHUKWUDI019,100
FDZ27_CHUKWUDI045,100
FDZ27_CHUKWUDI049,100
FDZ28_CHUKWUDI045,100
FDZ32_CHUKWUDI019,100
FDZ32_CHUKWUDI045,100
FDZ34_CHUKWUDI013,100
FDZ34_CHUKWUDI046,100
FDZ35_CHUKWUDI017,100
FDZ35_CHUKWUDI027,100
FDZ35_CHUKWUDI035,100
FDZ35_CHUKWUDI045,100
FDZ36_CHUKWUDI013,100
FDZ37_CHUKWUDI027,100
FDZ37_CHUKWUDI046,100
FDZ38_CHUKWUDI013,100
FDZ39_CHUKWUDI017,100
FDZ39_CHUKWUDI027,100
FDZ39_CHUKWUDI035,100
FDZ39_CHUKWUDI045,100
FDZ40_CHUKWUDI017,100
FDZ40_CHUKWUDI018,100
FDZ40_CHUKWUDI027,100
FDZ40_CHUKWUDI045,100
FDZ40_CHUKWUDI049,100
FDZ43_CHUKWUDI013,100
FDZ43_CHUKWUDI018,100
FDZ43_CHUKWUDI046,100
FDZ44_CHUKWUDI035,100
FDZ45_CHUKWUDI010,100
FDZ45_CHUKWUDI013,100
FDZ46_CHUKWUDI017,100
FDZ46_CHUKWUDI035,100
FDZ47_CHUKWUDI017,100
FDZ47_CHUKWUDI027,100
FDZ47_CHUKWUDI035,100
FDZ48_CHUKWUDI017,100
FDZ48_CHUKWUDI045,100
FDZ49_CHUKWUDI013,100
FDZ49_CHUKWUDI046,100
FDZ51_CHUKWUDI017,100
FDZ51_CHUKWUDI027,100
FDZ52_CHUKWUDI027,100
FDZ52_CHUKWUDI035,100
FDZ58_CHUKWUDI027,100
FDZ58_CHUKWUDI035,100
FDZ60_CHUKWUDI019,100
FDZ60_CHUKWUDI027,100
FDZ60_CHUKWUDI035,100
NCA06_CHUKWUDI017,100
NCA06_CHUKWUDI018,100
NCA06_CHUKWUDI027,100
NCA06_CHUKWUDI045,100
NCA06_CHUKWUDI046,100
NCA06_CHUKWUDI049,100
NCA18_CHUKWUDI045,100
NCA29_CHUKWUDI013,100
NCA30_CHUKWUDI010,100
NCA30_CHUKWUDI013,100
NCA53_CHUKWUDI017,100
NCA53_CHUKWUDI018,100
NCA53_CHUKWUDI019,100
NCA53_CHUKWUDI045,100
NCA53_CHUKWUDI046,100
NCA53_CHUKWUDI049,100
NCA54_CHUKWUDI010,100
NCA54_CHUKWUDI013,100
NCB07_CHUKWUDI010,100
NCB18_CHUKWUDI018,100
NCB18_CHUKWUDI019,100
NCB18_CHUKWUDI027,100
NCB18_CHUKWUDI035,100
NCB18_CHUKWUDI045,100
NCB18_CHUKWUDI046,100
NCB18_CHUKWUDI049,100
NCB19_CHUKWUDI017,100
NCB19_CHUKWUDI019,100
NCB19_CHUKWUDI027,100
NCB19_CHUKWUDI035,100
NCB19_CHUKWUDI046,100
NCB19_CHUKWUDI049,100
NCB30_CHUKWUDI010,100
NCB30_CHUKWUDI046,100
NCB31_CHUKWUDI018,100
NCB31_CHUKWUDI027,100
NCB31_CHUKWUDI035,100
NCB31_CHUKWUDI045,100
NCB31_CHUKWUDI046,100
NCB31_CHUKWUDI049,100
NCB42_CHUKWUDI027,100
NCB42_CHUKWUDI035,100
NCB42_CHUKWUDI045,100
NCB43_CHUKWUDI013,100
NCB55_CHUKWUDI018,100
NCB55_CHUKWUDI045,100
NCB55_CHUKWUDI046,100
NCC07_CHUKWUDI027,100
NCC07_CHUKWUDI035,100
NCC07_CHUKWUDI045,100
NCC19_CHUKWUDI013,100
NCC30_CHUKWUDI013,100
NCC43_CHUKWUDI013,100
NCC43_CHUKWUDI018,100
NCC43_CHUKWUDI046,100
NCC43_CHUKWUDI049,100
NCC54_CHUKWUDI010,100
NCC54_CHUKWUDI013,100
NCC54_CHUKWUDI018,100
NCC54_CHUKWUDI049,100
NCC55_CHUKWUDI018,100
NCC55_CHUKWUDI035,100
NCD06_CHUKWUDI017,100
NCD06_CHUKWUDI018,100
NCD06_CHUKWUDI046,100
NCD06_CHUKWUDI049,100
NCD18_CHUKWUDI013,100
NCD18_CHUKWUDI018,100
NCD18_CHUKWUDI046,100
NCD19_CHUKWUDI017,100
NCD19_CHUKWUDI045,100
NCD19_CHUKWUDI046,100
NCD19_CHUKWUDI049,100
NCD30_CHUKWUDI027,100
NCD30_CHUKWUDI045,100
NCD42_CHUKWUDI018,100
NCD42_CHUKWUDI027,100
NCD42_CHUKWUDI045,100
NCD42_CHUKWUDI049,100
NCD43_CHUKWUDI019,100
NCD43_CHUKWUDI045,100
NCD55_CHUKWUDI017,100
NCD55_CHUKWUDI027,100
NCD55_CHUKWUDI049,100
NCE07_CHUKWUDI027,100
NCE18_CHUKWUDI013,100
NCE18_CHUKWUDI018,100
NCE18_CHUKWUDI046,100
NCE19_CHUKWUDI019,100
NCE19_CHUKWUDI027,100
NCE19_CHUKWUDI035,100
NCE19_CHUKWUDI045,100
NCE19_CHUKWUDI046,100
NCE19_CHUKWUDI049,100
NCE30_CHUKWUDI013,100
NCE30_CHUKWUDI046,100
NCE31_CHUKWUDI017,100
NCE31_CHUKWUDI018,100
NCE31_CHUKWUDI027,100
NCE31_CHUKWUDI045,100
NCE31_CHUKWUDI046,100
NCE31_CHUKWUDI049,100
NCE42_CHUKWUDI013,100
NCE42_CHUKWUDI018,100
NCE42_CHUKWUDI046,100
NCE54_CHUKWUDI017,100
NCE54_CHUKWUDI018,100
NCE54_CHUKWUDI019,100
NCE54_CHUKWUDI027,100
NCE54_CHUKWUDI035,100
NCE54_CHUKWUDI045,100
NCE54_CHUKWUDI046,100
NCF06_CHUKWUDI010,100
NCF06_CHUKWUDI046,100
NCF06_CHUKWUDI049,100
NCF07_CHUKWUDI017,100
NCF07_CHUKWUDI018,100
NCF07_CHUKWUDI027,100
NCF07_CHUKWUDI035,100
NCF18_CHUKWUDI010,100
NCF18_CHUKWUDI013,100
NCF19_CHUKWUDI017,100
NCF19_CHUKWUDI018,100
NCF19_CHUKWUDI019,100
NCF19_CHUKWUDI027,100
NCF42_CHUKWUDI010,100
NCF42_CHUKWUDI013,100
NCF55_CHUKWUDI045,100
NCF55_CHUKWUDI046,100
NCG06_CHUKWUDI013,100
NCG06_CHUKWUDI018,100
NCG06_CHUKWUDI046,100
NCG07_CHUKWUDI013,100
NCG18_CHUKWUDI018,100
NCG18_CHUKWUDI027,100
NCG18_CHUKWUDI035,100
NCG19_CHUKWUDI013,100
NCG19_CHUKWUDI049,100
NCG30_CHUKWUDI027,100
NCG30_CHUKWUDI045,100
NCG42_CHUKWUDI045,100
NCG43_CHUKWUDI018,100
NCG43_CHUKWUDI019,100
NCG43_CHUKWUDI027,100
NCG43_CHUKWUDI045,100
NCH06_CHUKWUDI010,100
NCH06_CHUKWUDI018,100
NCH18_CHUKWUDI010,100
NCH18_CHUKWUDI013,100
NCH18_CHUKWUDI018,100
NCH18_CHUKWUDI049,100
NCH29_CHUKWUDI017,100
NCH29_CHUKWUDI018,100
NCH29_CHUKWUDI035,100
NCH29_CHUKWUDI045,100
NCH30_CHUKWUDI027,100
NCH30_CHUKWUDI035,100
NCH30_CHUKWUDI045,100
NCH42_CHUKWUDI010,100
NCH42_CHUKWUDI018,100
NCH43_CHUKWUDI013,100
NCH43_CHUKWUDI018,100
NCH55_CHUKWUDI027,100
NCH55_CHUKWUDI045,100
NCI06_CHUKWUDI013,100
NCI17_CHUKWUDI017,100
NCI17_CHUKWUDI018,100
NCI17_CHUKWUDI027,100
NCI17_CHUKWUDI045,100
NCI18_CHUKWUDI018,100
NCI18_CHUKWUDI046,100
NCI29_CHUKWUDI027,100
NCI30_CHUKWUDI013,100
NCI30_CHUKWUDI018,100
NCI30_CHUKWUDI046,100
NCI31_CHUKWUDI018,100
NCI31_CHUKWUDI019,100
NCI31_CHUKWUDI027,100
NCI31_CHUKWUDI035,100
NCI31_CHUKWUDI045,100
NCI31_CHUKWUDI049,100
NCI42_CHUKWUDI013,100
NCI42_CHUKWUDI046,100
NCI43_CHUKWUDI017,100
NCI43_CHUKWUDI018,100
NCI43_CHUKWUDI027,100
NCI43_CHUKWUDI035,100
NCI43_CHUKWUDI046,100
NCI54_CHUKWUDI017,100
NCI54_CHUKWUDI019,100
NCI54_CHUKWUDI027,100
NCI54_CHUKWUDI035,100
NCI54_CHUKWUDI045,100
NCI55_CHUKWUDI027,100
NCI55_CHUKWUDI035,100
NCI55_CHUKWUDI045,100
NCJ06_CHUKWUDI035,100
NCJ17_CHUKWUDI017,100
NCJ17_CHUKWUDI018,100
NCJ17_CHUKWUDI045,100
NCJ18_CHUKWUDI027,100
NCJ18_CHUKWUDI035,100
NCJ18_CHUKWUDI045,100
NCJ19_CHUKWUDI018,100
NCJ19_CHUKWUDI027,100
NCJ19_CHUKWUDI045,100
NCJ19_CHUKWUDI046,100
NCJ29_CHUKWUDI018,100
NCJ29_CHUKWUDI027,100
NCJ29_CHUKWUDI035,100
NCJ29_CHUKWUDI045,100
NCJ29_CHUKWUDI049,100
NCJ30_CHUKWUDI013,100
NCJ31_CHUKWUDI013,100
NCJ31_CHUKWUDI046,100
NCJ31_CHUKWUDI049,100
NCJ42_CHUKWUDI017,100
NCJ42_CHUKWUDI018,100
NCJ42_CHUKWUDI019,100
NCJ42_CHUKWUDI027,100
NCJ42_CHUKWUDI045,100
NCJ54_CHUKWUDI013,100
NCJ54_CHUKWUDI046,100
NCK05_CHUKWUDI017,100
NCK05_CHUKWUDI018,100
NCK05_CHUKWUDI019,100
NCK05_CHUKWUDI027,100
NCK05_CHUKWUDI035,100
NCK05_CHUKWUDI046,100
NCK06_CHUKWUDI027,100
NCK06_CHUKWUDI035,100
NCK06_CHUKWUDI045,100
NCK17_CHUKWUDI017,100
NCK17_CHUKWUDI019,100
NCK17_CHUKWUDI027,100
NCK17_CHUKWUDI045,100
NCK17_CHUKWUDI049,100
NCK19_CHUKWUDI010,100
NCK19_CHUKWUDI013,100
NCK29_CHUKWUDI027,100
NCK29_CHUKWUDI035,100
NCK30_CHUKWUDI010,100
NCK30_CHUKWUDI013,100
NCK30_CHUKWUDI018,100
NCK31_CHUKWUDI018,100
NCK31_CHUKWUDI027,100
NCK31_CHUKWUDI046,100
NCK42_CHUKWUDI046,100
NCK53_CHUKWUDI017,100
NCK53_CHUKWUDI018,100
NCK53_CHUKWUDI027,100
NCK53_CHUKWUDI035,100
NCK54_CHUKWUDI027,100
NCK54_CHUKWUDI045,100
NCL05_CHUKWUDI018,100
NCL05_CHUKWUDI019,100
NCL05_CHUKWUDI027,100
NCL05_CHUKWUDI035,100
NCL05_CHUKWUDI046,100
NCL05_CHUKWUDI049,100
NCL06_CHUKWUDI010,100
NCL06_CHUKWUDI049,100
NCL07_CHUKWUDI019,100
NCL07_CHUKWUDI027,100
NCL07_CHUKWUDI045,100
NCL07_CHUKWUDI046,100
NCL18_CHUKWUDI013,100
NCL18_CHUKWUDI046,100
NCL30_CHUKWUDI027,100
NCL41_CHUKWUDI017,100
NCL41_CHUKWUDI018,100
NCL41_CHUKWUDI019,100
NCL41_CHUKWUDI035,100
NCL41_CHUKWUDI046,100
NCL41_CHUKWUDI049,100
NCL42_CHUKWUDI013,100
NCL42_CHUKWUDI049,100
NCL53_CHUKWUDI010,100
NCL53_CHUKWUDI013,100
NCL55_CHUKWUDI046,100
NCM05_CHUKWUDI010,100
NCM05_CHUKWUDI027,100
NCM05_CHUKWUDI035,100
NCM05_CHUKWUDI046,100
NCM05_CHUKWUDI049,100
NCM07_CHUKWUDI017,100
NCM07_CHUKWUDI018,100
NCM07_CHUKWUDI019,100
NCM07_CHUKWUDI027,100
NCM07_CHUKWUDI035,100
NCM07_CHUKWUDI046,100
NCM07_CHUKWUDI049,100
NCM17_CHUKWUDI017,100
NCM17_CHUKWUDI018,100
NCM17_CHUKWUDI027,100
NCM17_CHUKWUDI046,100
NCM18_CHUKWUDI027,100
NCM18_CHUKWUDI045,100
NCM18_CHUKWUDI049,100
NCM19_CHUKWUDI027,100
NCM19_CHUKWUDI045,100
NCM29_CHUKWUDI027,100
NCM30_CHUKWUDI017,100
NCM30_CHUKWUDI018,100
NCM30_CHUKWUDI019,100
NCM30_CHUKWUDI027,100
NCM30_CHUKWUDI046,100
NCM30_CHUKWUDI049,100
NCM41_CHUKWUDI018,100
NCM41_CHUKWUDI045,100
NCM42_CHUKWUDI017,100
NCM53_CHUKWUDI017,100
NCM53_CHUKWUDI045,100
NCM54_CHUKWUDI027,100
NCM55_CHUKWUDI010,100
NCN14_CHUKWUDI010,100
NCN17_CHUKWUDI018,100
NCN17_CHUKWUDI035,100
NCN18_CHUKWUDI027,100
NCN18_CHUKWUDI035,100
NCN18_CHUKWUDI045,100
NCN19_CHUKWUDI013,100
NCN26_CHUKWUDI035,100
NCN26_CHUKWUDI045,100
NCN29_CHUKWUDI017,100
NCN29_CHUKWUDI019,100
NCN29_CHUKWUDI045,100
NCN29_CHUKWUDI049,100
NCN30_CHUKWUDI018,100
NCN30_CHUKWUDI027,100
NCN30_CHUKWUDI035,100
NCN43_CHUKWUDI027,100
NCN53_CHUKWUDI017,100
NCN53_CHUKWUDI018,100
NCN53_CHUKWUDI019,100
NCN53_CHUKWUDI027,100
NCN53_CHUKWUDI035,100
NCN54_CHUKWUDI017,100
NCN54_CHUKWUDI018,100
NCN54_CHUKWUDI035,100
NCN54_CHUKWUDI045,100
NCN54_CHUKWUDI046,100
NCN55_CHUKWUDI018,100
NCN55_CHUKWUDI049,100
NCO02_CHUKWUDI017,100
NCO02_CHUKWUDI018,100
NCO02_CHUKWUDI027,100
NCO02_CHUKWUDI035,100
NCO02_CHUKWUDI045,100
NCO02_CHUKWUDI049,100
NCO05_CHUKWUDI017,100
NCO05_CHUKWUDI018,100
NCO05_CHUKWUDI027,100
NCO05_CHUKWUDI045,100
NCO06_CHUKWUDI018,100
NCO06_CHUKWUDI027,100
NCO06_CHUKWUDI035,100
NCO06_CHUKWUDI046,100
NCO07_CHUKWUDI046,100
NCO14_CHUKWUDI017,100
NCO14_CHUKWUDI027,100
NCO14_CHUKWUDI035,100
NCO17_CHUKWUDI027,100
NCO17_CHUKWUDI035,100
NCO18_CHUKWUDI013,100
NCO26_CHUKWUDI035,100
NCO26_CHUKWUDI045,100
NCO30_CHUKWUDI013,100
NCO41_CHUKWUDI017,100
NCO41_CHUKWUDI027,100
NCO41_CHUKWUDI035,100
NCO41_CHUKWUDI045,100
NCO43_CHUKWUDI017,100
NCO43_CHUKWUDI018,100
NCO43_CHUKWUDI045,100
NCO54_CHUKWUDI017,100
NCO54_CHUKWUDI018,100
NCO54_CHUKWUDI019,100
NCO54_CHUKWUDI027,100
NCO54_CHUKWUDI045,100
NCO54_CHUKWUDI046,100
NCO54_CHUKWUDI049,100
NCO55_CHUKWUDI019,100
NCO55_CHUKWUDI027,100
NCO55_CHUKWUDI045,100
NCP02_CHUKWUDI018,100
NCP02_CHUKWUDI027,100
NCP14_CHUKWUDI017,100
NCP17_CHUKWUDI018,100
NCP17_CHUKWUDI027,100
NCP17_CHUKWUDI046,100
NCP17_CHUKWUDI049,100
NCP29_CHUKWUDI018,100
NCP29_CHUKWUDI027,100
NCP29_CHUKWUDI035,100
NCP29_CHUKWUDI046,100
NCP30_CHUKWUDI017,100
NCP30_CHUKWUDI027,100
NCP30_CHUKWUDI035,100
NCP30_CHUKWUDI045,100
NCP30_CHUKWUDI049,100
NCP41_CHUKWUDI019,100
NCP50_CHUKWUDI017,100
NCP50_CHUKWUDI018,100
NCP50_CHUKWUDI019,100
NCP50_CHUKWUDI027,100
NCP50_CHUKWUDI035,100
NCP50_CHUKWUDI046,100
NCP53_CHUKWUDI013,100
NCP53_CHUKWUDI018,100
NCP54_CHUKWUDI035,100
NCP55_CHUKWUDI017,100
NCP55_CHUKWUDI019,100
NCP55_CHUKWUDI035,100
NCP55_CHUKWUDI045,100
NCQ02_CHUKWUDI013,100
NCQ06_CHUKWUDI013,100
NCQ06_CHUKWUDI018,100
NCQ06_CHUKWUDI046,100
NCQ06_CHUKWUDI049,100
NCQ18_CHUKWUDI017,100
NCQ18_CHUKWUDI027,100
NCQ18_CHUKWUDI035,100
NCQ29_CHUKWUDI046,100
NCQ30_CHUKWUDI045,100
NCQ38_CHUKWUDI017,100
NCQ38_CHUKWUDI019,100
NCQ38_CHUKWUDI035,100
NCQ38_CHUKWUDI045,100
NCQ41_CHUKWUDI010,100
NCQ41_CHUKWUDI013,100
NCQ42_CHUKWUDI027,100
NCQ43_CHUKWUDI017,100
NCQ43_CHUKWUDI019,100
NCQ43_CHUKWUDI027,100
NCQ43_CHUKWUDI045,100
NCQ50_CHUKWUDI013,100
NCQ50_CHUKWUDI046,100
NCQ53_CHUKWUDI013,100
NCQ53_CHUKWUDI018,100
NCQ53_CHUKWUDI046,100
NCQ53_CHUKWUDI049,100
NCR05_CHUKWUDI013,100
NCR05_CHUKWUDI046,100
NCR06_CHUKWUDI035,100
NCR06_CHUKWUDI046,100
NCR06_CHUKWUDI049,100
NCR17_CHUKWUDI027,100
NCR17_CHUKWUDI035,100
NCR17_CHUKWUDI045,100
NCR18_CHUKWUDI017,100
NCR18_CHUKWUDI018,100
NCR18_CHUKWUDI027,100
NCR18_CHUKWUDI046,100
NCR18_CHUKWUDI049,100
NCR29_CHUKWUDI018,100
NCR29_CHUKWUDI027,100
NCR29_CHUKWUDI035,100
NCR29_CHUKWUDI045,100
NCR30_CHUKWUDI018,100
NCR30_CHUKWUDI019,100
NCR30_CHUKWUDI045,100
NCR30_CHUKWUDI049,100
NCR38_CHUKWUDI046,100
NCR38_CHUKWUDI049,100
NCR41_CHUKWUDI017,100
NCR41_CHUKWUDI018,100
NCR41_CHUKWUDI027,100
NCR41_CHUKWUDI045,100
NCR42_CHUKWUDI017,100
NCR42_CHUKWUDI045,100
NCR53_CHUKWUDI010,100
NCR53_CHUKWUDI013,100
NCR53_CHUKWUDI018,100
NCR54_CHUKWUDI013,100
NCR54_CHUKWUDI046,100
NCS05_CHUKWUDI027,100
NCS06_CHUKWUDI013,100
NCS06_CHUKWUDI018,100
NCS06_CHUKWUDI035,100
NCS06_CHUKWUDI045,100
NCS06_CHUKWUDI046,100
NCS17_CHUKWUDI017,100
NCS17_CHUKWUDI018,100
NCS17_CHUKWUDI027,100
NCS18_CHUKWUDI045,100
NCS29_CHUKWUDI013,100
NCS29_CHUKWUDI027,100
NCS29_CHUKWUDI035,100
NCS29_CHUKWUDI049,100
NCS38_CHUKWUDI027,100
NCS38_CHUKWUDI045,100
NCS42_CHUKWUDI017,100
NCS42_CHUKWUDI035,100
NCS54_CHUKWUDI013,100
NCT05_CHUKWUDI013,100
NCT05_CHUKWUDI018,100
NCT05_CHUKWUDI046,100
NCT17_CHUKWUDI013,100
NCT29_CHUKWUDI027,100
NCT29_CHUKWUDI045,100
NCT30_CHUKWUDI017,100
NCT30_CHUKWUDI018,100
NCT30_CHUKWUDI019,100
NCT30_CHUKWUDI035,100
NCT30_CHUKWUDI049,100
NCT54_CHUKWUDI017,100
NCT54_CHUKWUDI018,100
NCT54_CHUKWUDI035,100
NCU05_CHUKWUDI018,100
NCU05_CHUKWUDI027,100
NCU05_CHUKWUDI035,100
NCU05_CHUKWUDI045,100
NCU05_CHUKWUDI049,100
NCU06_CHUKWUDI013,100
NCU06_CHUKWUDI049,100
NCU17_CHUKWUDI017,100
NCU17_CHUKWUDI018,100
NCU17_CHUKWUDI027,100
NCU17_CHUKWUDI035,100
NCU17_CHUKWUDI045,100
NCU41_CHUKWUDI013,100
NCU54_CHUKWUDI010,100
NCU54_CHUKWUDI046,100
NCV06_CHUKWUDI013,100
NCV06_CHUKWUDI046,100
NCV18_CHUKWUDI035,100
NCV18_CHUKWUDI045,100
NCV29_CHUKWUDI010,100
NCV29_CHUKWUDI013,100
NCV30_CHUKWUDI018,100
NCV30_CHUKWUDI027,100
NCV30_CHUKWUDI045,100
NCV30_CHUKWUDI046,100
NCV41_CHUKWUDI017,100
NCV41_CHUKWUDI027,100
NCV41_CHUKWUDI045,100
NCV42_CHUKWUDI017,100
NCV53_CHUKWUDI010,100
NCV53_CHUKWUDI013,100
NCV53_CHUKWUDI018,100
NCV53_CHUKWUDI046,100
NCV54_CHUKWUDI027,100
NCV54_CHUKWUDI035,100
NCV54_CHUKWUDI045,100
NCW05_CHUKWUDI045,100
NCW06_CHUKWUDI010,100
NCW17_CHUKWUDI027,100
NCW18_CHUKWUDI013,100
NCW18_CHUKWUDI049,100
NCW29_CHUKWUDI027,100
NCW42_CHUKWUDI010,100
NCW42_CHUKWUDI018,100
NCW53_CHUKWUDI013,100
NCW54_CHUKWUDI018,100
NCW54_CHUKWUDI045,100
NCW54_CHUKWUDI046,100
NCW54_CHUKWUDI049,100
NCX05_CHUKWUDI027,100
NCX05_CHUKWUDI035,100
NCX05_CHUKWUDI045,100
NCX17_CHUKWUDI018,100
NCX18_CHUKWUDI010,100
NCX18_CHUKWUDI046,100
NCX30_CHUKWUDI013,100
NCX30_CHUKWUDI018,100
NCX30_CHUKWUDI046,100
NCX41_CHUKWUDI010,100
NCX41_CHUKWUDI046,100
NCX54_CHUKWUDI017,100
NCX54_CHUKWUDI027,100
NCX54_CHUKWUDI035,100
NCX54_CHUKWUDI045,100
NCY05_CHUKWUDI017,100
NCY05_CHUKWUDI027,100
NCY05_CHUKWUDI045,100
NCY05_CHUKWUDI046,100
NCY05_CHUKWUDI049,100
NCY06_CHUKWUDI027,100
NCY17_CHUKWUDI035,100
NCY17_CHUKWUDI045,100
NCY17_CHUKWUDI046,100
NCY17_CHUKWUDI049,100
NCY18_CHUKWUDI013,100
NCY29_CHUKWUDI017,100
NCY29_CHUKWUDI018,100
NCY29_CHUKWUDI019,100
NCY29_CHUKWUDI027,100
NCY29_CHUKWUDI035,100
NCY29_CHUKWUDI045,100
NCY29_CHUKWUDI046,100
NCY30_CHUKWUDI013,100
NCY41_CHUKWUDI017,100
NCY41_CHUKWUDI027,100
NCY41_CHUKWUDI035,100
NCY41_CHUKWUDI045,100
NCY41_CHUKWUDI046,100
NCY41_CHUKWUDI049,100
NCY53_CHUKWUDI017,100
NCY53_CHUKWUDI027,100
NCZ05_CHUKWUDI019,100
NCZ05_CHUKWUDI035,100
NCZ06_CHUKWUDI013,100
NCZ06_CHUKWUDI018,100
NCZ06_CHUKWUDI046,100
NCZ06_CHUKWUDI049,100
NCZ17_CHUKWUDI017,100
NCZ17_CHUKWUDI018,100
NCZ17_CHUKWUDI027,100
NCZ17_CHUKWUDI045,100
NCZ17_CHUKWUDI046,100
NCZ18_CHUKWUDI018,100
NCZ18_CHUKWUDI046,100
NCZ18_CHUKWUDI049,100
NCZ29_CHUKWUDI045,100
NCZ30_CHUKWUDI027,100
NCZ30_CHUKWUDI035,100
NCZ30_CHUKWUDI045,100
NCZ41_CHUKWUDI045,100
NCZ42_CHUKWUDI010,100
NCZ42_CHUKWUDI013,100
NCZ42_CHUKWUDI049,100
NCZ53_CHUKWUDI010,100
NCZ53_CHUKWUDI013,100
